company,company_id,review_id,summary,pros,cons,rating,job_title,review_datetime,employment_status,is_current_employee,location,career_opportunities_rating,compensation_and_benefits_rating,recommend_to_friend_rating,senior_management_rating,work_life_balance_rating,language,advice_to_management,keyword_count
DELOITTE,2763,102543800,IS&amp;T Review,The new projects are good.,Execution of projects under leaders is bad.,3,Sr. Software Engineer,2026-01-28 22:58:10.890000+00:00,CONTRACT,False,"Austin, TX",3,4,POSITIVE,2,3,eng,n/a,1
DELOITTE,2763,102541640,was fun,Challenges were good to work through,the hours were long time,5,,2026-01-28 20:07:58.143000+00:00,REGULAR,False,,,,,,,eng,n/a,0
DELOITTE,2763,102541550,Okay job while in school,"Decent pay, Interesting Culture, Stock Options, and other benefits even at part time","Not much room for growth as a technician (in retail) anymore, lots of new metrics added recently that feel similar to other 'big box' retail stores. Not much of a genuine work life balance.",3,Tech Expert,2026-01-28 20:02:07.653000+00:00,PART_TIME,True,,2,5,POSITIVE,2,1,eng,Ease up on all these new metrics. Don't rate your technicians on how many business introductions they can get or how many things they can sell when we are there to fix our relationship with the customers.,0
DELOITTE,2763,102540487,Great place to work,Strong focus on privacy. Beautiful campus. Good work life balance.,"Sometimes teams can be siloed. Many teams working on similar problems but since teams are quite secretive about what they do, this problem exists.",4,SWE Intern,2026-01-28 18:45:23.367000+00:00,INTERN,True,"Cupertino, CA",,,,,,eng,n/a,0
DELOITTE,2763,102540112,College job,"Work from home, great for students, bonuses, vested stocks","Strict ACW, back to back calls",3,Mac+ Technical Support Advisor,2026-01-28 18:20:18.610000+00:00,PART_TIME,False,"Tallahassee, FL",,,,,,eng,n/a,0
DELOITTE,2763,102537677,"Great College Job, terrible internal promotions","Great benefits as part time, espp, loved my team that I worked with at Micigan Ave","Scheduling, favoritism amongst leadership team - seen a lot with promotions and who gets fired vs a warning, heavy on Apple Care conversions or business intros - hard when we're selling to international customers where they might not have AC+ support, very much lack of ability to move upward unless you drown yourself in Apple (work, sacrifice your time for them), some leaders do not lead by example (but they've been fired - just took wayyyy too long)",3,Sales Specialist,2026-01-28 15:28:15.107000+00:00,PART_TIME,False,"Chicago, IL",2,5,POSITIVE,3,3,eng,"Quit the favoritism, and treat the hard working employees well who deserve the promotions and tell the difference if someone is doing well or just trying to suck up to you. This isn't corporate sales - relax a bit.",0
DELOITTE,2763,102537409,Great,"- Great benefits
- Good pay
- Great company culture","- Very secretive, can't learn what other teams are doing and how
- General sterile California vibe (very PC, etc.)",5,Software Engineer,2026-01-28 15:09:50.243000+00:00,INTERN,False,"Cupertino, CA",5,5,POSITIVE,5,5,eng,n/a,0
DELOITTE,2763,102537240,Make a Difference for our Senior Community- Great Benefits- High Stess,"A Culture of Connection and Innovation Apple provides an environment where the ""human element"" is truly prioritized in the customer journey. The commitment to Steps of Service allows Specialists to go beyond simple transactions and build genuine rapport. Additionally, the peer-to-peer support is exceptional; working alongside highly skilled Technicians and fellow Specialists creates a collaborative atmosphere where everyone is trying to deliver excellence despite operational hurdles. It is a fast-paced, high-energy environment that rewards those who thrive on problem-solving and authentic connection.","Operational Strains and Leadership Visibility Gaps The primary challenge lies in the disconnect between ""peak volume"" and ""leadership presence."" During high-traffic periods, there is often a lack of visible management on the floor, leaving Specialists and Leads to navigate escalations, overrides, and sales guidance without adequate support. This often results in ""vague promises"" to customers (e.g., ""someone will be with you momentarily"") rather than actual service. When managers remain in back-office admin roles during these critical windows, it places an immense burden on the frontline team, leading to burnout and a feeling of being ""stretched beyond capacity.""",4,Specialist,2026-01-28 14:59:48.623000+00:00,PART_TIME,True,"Minnetonka, MN",5,5,POSITIVE,3,5,eng,"Lead by Example with a ""Triage"" Mindset To elevate store efficiency, leadership should adopt a more proactive, triage-inspired approach during peak hours. When the floor is at capacity, managers shouldn't just be ""visible"", they should be active participants in the initial Steps of Service.  Active Discovery: Instead of telling a customer ""it will be a moment,"" initiate the ""Group Discovery"" or ""Probing"" steps to begin a bag for the Specialist. This mirrors a healthcare intake process and ensures the customer feels ""seen"" immediately.

Structured Rotations: Implement clearer structures for when managers transition from admin tasks to floor support.

Accessibility: Ensure there is always a clearly designated leader on the floor who is not solely tied to a single customer interaction, but available to support the team with overrides and escalations. Modeling the behavior you want to see will significantly boost team morale and operational flow.",1
DELOITTE,2763,102526022,Good start,work life balance is okay and pay is good,"No serious cons, no good snacks in pantry",5,Design Engineer,2026-01-28 06:31:55.163000+00:00,REGULAR,True,Singapore,,,POSITIVE,,,eng,n/a,0
DELOITTE,2763,102515482,Great place to work,"Respectful peers, passionate colleagues, nice environment",Hard to get promotion at IC level,5,,2026-01-27 17:25:40.547000+00:00,REGULAR,True,,,,,,,eng,n/a,0
DELOITTE,2763,102515482,Great place to work,"Respectful peers, passionate colleagues, nice environment",Hard to get promotion at IC level,5,,2026-01-27 17:25:40.547000+00:00,REGULAR,True,,,,,,,eng,n/a,0
DELOITTE,2763,102515033,Good Jib,Good pay for what you do. Benefits as a part timer.,Not a lot of full time opportunities. Can be difficult to get into higher roles,4,Technical Expert,2026-01-27 16:53:31.473000+00:00,PART_TIME,True,"Tacoma, WA",,,,,,eng,n/a,0
DELOITTE,2763,102513768,Good starting job,"Great culture
Great teammates
Discount/services","Micromanage
Not enough time off
Overworked
Not enough pay
Hard to move up",3,Retail Sales Associate,2026-01-27 15:23:06.020000+00:00,REGULAR,False,"Rancho Cucamonga, CA",3,2,NEGATIVE,1,1,eng,"Open up more positions
Actually teach people how to develop",0
DELOITTE,2763,102513455,Intern experience,"Awesome, smart people. Great workplace.",Nothing to add for this section.,5,Software Engineer(Internship),2026-01-27 15:00:40.123000+00:00,INTERN,False,"Cupertino, CA",,,,,,eng,n/a,0
DELOITTE,2763,102513429,good and fun experience,"good working environment, get to meet lots of nice people","lots of pressure, leadership care more about a few kpis rather than overall selling.",4,Retail Sales Associate,2026-01-27 14:59:09.130000+00:00,,False,"Cambridge, England",4,4,POSITIVE,4,4,eng,n/a,0
DELOITTE,2763,102512543,Good,Nice work! Great people! Fun!,"Long hours, dirty, long travel.",5,Janitor,2026-01-27 14:03:50.533000+00:00,PART_TIME,True,New Delhi,,,,,,eng,n/a,0
DELOITTE,2763,102512216,Grea time,"Great Pay
Great work environment",Rude boss and smelled off.,5,Member Of Technical Staff,2026-01-27 13:47:04.217000+00:00,FREELANCE,True,"Pittsburgh, PA",,,POSITIVE,,,eng,n/a,0
DELOITTE,2763,102510041,Student position,"Flexible hours, respecting the need for me to study",Can not work from home,5,Test Engineer Intern,2026-01-27 11:55:08.773000+00:00,PART_TIME,False,Tel Aviv-Yafo,,,,,,eng,n/a,0
DELOITTE,2763,102509963,Apple expert,"good discount
Product knowledge
Customer service","retail
Long hours
Lack of progression",5,Expert,2026-01-27 11:50:03.440000+00:00,REGULAR,True,"London, England",,,,,,eng,n/a,0
DELOITTE,2763,102502598,It was fine,Not bad and very bad at the same time,Really enjoyed the buffet. They had a lot of good food.,3,Business Anakyst,2026-01-27 06:39:29.303000+00:00,,True,"Los Altos, CA",,,,,,eng,n/a,2
DELOITTE,2763,102472394,AppleCare,"Work at home 
Good team 
Good management",None as they are doing great,5,Apple Care AHA Advisor,2026-01-25 21:42:48.093000+00:00,REGULAR,True,"Denver, CO",5,5,POSITIVE,5,5,eng,n/a,0
DELOITTE,2763,102471582,Great but place is changing,"Great benefits and culture within 
Lots of room for growth
Wages/stocks and plenty of benefits that are lgbtq inclusive and great for parents or people in school.
Supportive management at my locations","Some of your great work goes unnoticed.
You’re only as good as last weeks results. That’s how it started feeling. Behaviors and putting the customer first was def how Apple started. Now it feels like a mill just trying to hit all transaction points and work with as many customers as once as you can.",4,Product Expert,2026-01-25 19:56:33.680000+00:00,PART_TIME,False,"Miami, FL",5,5,POSITIVE,5,4,eng,Get back to a behavior standpoint focusing more on Apple steps of service then how many customers one person can take.,0
DELOITTE,2763,102468970,Great for students!,"Great Benefits like tuition reimbursement 
Flexible with work schedule",High competition for growth or promotions,5,Specialist,2026-01-25 14:32:01.933000+00:00,PART_TIME,True,"Vancouver, BC",4,5,POSITIVE,4,5,eng,n/a,0
DELOITTE,2763,102466230,Good place,"Proffessionals and team players, helping a lot","Far from home, at least for me",5,Working Student,2026-01-25 09:44:46.653000+00:00,PART_TIME,False,Herzliya,5,5,POSITIVE,5,5,eng,n/a,0
DELOITTE,2763,102465322,Great,Pretty good company w/good people.,Long hours for work and customers,5,Sales Associate,2026-01-25 08:09:37.590000+00:00,REGULAR,False,"Georgiaville, RI",5,4,,,,eng,Na,0
DELOITTE,2763,102464620,Apple,Work life balance very good,Not enough grow up opportunities,4,Engineers,2026-01-25 06:53:09.470000+00:00,REGULAR,False,Cork,,,,,,eng,n/a,0
DELOITTE,2763,102464161,Great,Great leaders the foster development,No room for growth being remote,5,Fraud Operations Specialist,2026-01-25 05:55:25.883000+00:00,REGULAR,True,"West Palm Beach, FL",2,3,POSITIVE,5,5,eng,n/a,0
DELOITTE,2763,102463374,Built 0 to 1 products,"Awesome company, superb place to work at","No cons, company food could be better",5,CEO-Founder,2026-01-25 03:51:43.690000+00:00,REGULAR,True,Anna Nagar West,,,,,,eng,n/a,0
DELOITTE,2763,102461719,great,great company to work for,location of the job role,5,Firware Engineer,2026-01-24 22:21:08.160000+00:00,REGULAR,True,"California City, CA",,,,,,eng,n/a,0
DELOITTE,2763,102459161,Great culture,Great company culture and smart teammates. Learned a lot.,Some folks lead with ego,4,Employee Relations Specialist,2026-01-24 15:05:07.757000+00:00,REGULAR,False,"Cupertino, CA",3,5,POSITIVE,3,2,eng,Be mindful of long hours and burn out,0
DELOITTE,2763,102457290,good company,fun and lots to learn,management can be passive aggressive,5,,2026-01-24 11:06:27.070000+00:00,REGULAR,False,,,,,,,eng,n/a,0
DELOITTE,2763,102457059,Innovative environment with high expectations,"Cutting-edge technology, talented peers, excellent benefits, strong career growth opportunities, collaborative culture.","Long hours, high-pressure environment, work-life balance can be difficult, frequent internal politics, demanding management expectations.",4,Software Engineer,2026-01-24 10:38:59.067000+00:00,REGULAR,True,"Austin, TX",5,5,POSITIVE,3,2,eng,"Encourage clearer communication of priorities, foster sustainable workloads, provide more recognition for individual contributions, and maintain transparency in promotions.",0
DELOITTE,2763,102456315,Manager,Very nice people to work with.,I love my job more than my friends.,5,Mnager,2026-01-24 09:16:52.567000+00:00,REGULAR,True,"New York, NY",5,5,POSITIVE,5,4,eng,n/a,0
DELOITTE,2763,102452454,Entrupous Manager,Hefty pay. Good work life balance. Good mental health. Great peers and connections(started my own business with help of them).,Some work during the weekend but that's rare.,5,Financial Analyst,2026-01-24 01:09:13.610000+00:00,REGULAR,False,"Cupertino, CA",5,5,POSITIVE,5,5,eng,Continue what you're doing,0
DELOITTE,2763,102449247,Good culture,Treat people well and care people,Not competitive salary as a contractor,5,,2026-01-23 17:43:25.403000+00:00,CONTRACT,False,,,,,,,eng,n/a,0
DELOITTE,2763,102448377,Amazing,Great place to work temporarily,Was unable to secure a full time gig,5,Analyst,2026-01-23 16:10:36.717000+00:00,TEMPORARY,False,"Washington, DC",5,,,,,eng,Offer more full time gigs,0
DELOITTE,2763,102447040,good overall,good management and helping environment,didn't receive a return offer,4,Internship,2026-01-23 14:16:28.737000+00:00,INTERN,False,"Cupertino, CA",3,3,POSITIVE,5,4,eng,n/a,0
DELOITTE,2763,102443507,Great Role,Lots of benefits and people are kind,I have not experienced any cons,5,Facility Manager,2026-01-23 10:37:31.257000+00:00,REGULAR,True,"Los Angeles, CA",,,,,,eng,n/a,0
DELOITTE,2763,102442238,Good place to learn,Very established consumer electronic design company,cafe food is not free,5,,2026-01-23 09:28:10.960000+00:00,REGULAR,True,,4,4,,5,4,eng,n/a,0
DELOITTE,2763,102441033,Sample Pay,"Good work environment, like it","Bad work/life balance, working on weekends",5,College Advisor,2026-01-23 08:30:09.577000+00:00,PART_TIME,False,"Remolino, TX",,,,,,eng,n/a,1
DELOITTE,2763,102441033,Sample Pay,"Good work environment, like it","Bad work/life balance, working on weekends",5,College Advisor,2026-01-23 08:30:09.577000+00:00,PART_TIME,False,"Remolino, TX",,,,,,eng,n/a,1
DELOITTE,2763,102440300,Great,Great work life balance. Good pay .,"Long hours, not too many cons .",5,Software Developer,2026-01-23 07:55:11.473000+00:00,REGULAR,True,"Los Angeles, CA",5,5,POSITIVE,5,5,eng,n/a,0
DELOITTE,2763,102440289,Good Experience,"Great learning environment
Great benefits
Great cultural ideals/ethics",Career growth nonexistent for specific area/role,4,People Operations Planner,2026-01-23 07:54:54.367000+00:00,REGULAR,False,"Charlotte, NC",,,POSITIVE,,,eng,n/a,0
DELOITTE,2763,102439123,Misleading,Can be fun and get discounts,"Money vs expectations, never enough time to do things",2,Manager,2026-01-23 06:51:15.157000+00:00,REGULAR,False,"Tampa, FL",,,,,,eng,n/a,0
DELOITTE,2763,102436350,Culture,There’s a little bit of a positive intent work environment,"Apple has transitioned from a place where people learned from their mistakes to getting you fired when you make an inadvertent mistake because you weren't properly trained.

Don’t even get me started on the work life balance is garbage.",1,Apple Genius,2026-01-23 03:55:41.950000+00:00,REGULAR,True,,1,3,NEGATIVE,1,1,eng,n/a,0
DELOITTE,2763,102436246,Love &amp; Hate,"Security, perks and meeting like-minded individuals.","- Schedules are always changing so it can be difficult to plan your life at times. 

- Crabs in a bucket mentality",4,Specialist,2026-01-23 03:48:43.123000+00:00,REGULAR,False,"London, England",4,5,POSITIVE,2,3,eng,Stop acting like NPC's,0
DELOITTE,2763,102433623,Good,"Good teamwork indoor working
S","so far im good.
Pay fairly",4,,2026-01-23 00:17:45.500000+00:00,PART_TIME,True,,,,,,,eng,n/a,0
DELOITTE,2763,102433576,great company,good company to work at.,Highly demanding and pushes you to your limit.,5,Marketer,2026-01-23 00:12:39.303000+00:00,PART_TIME,True,Lagos,,,,,,eng,n/a,0
DELOITTE,2763,102432912,Environment,Amazing people to work with,no cons at all to be honest,5,Sales Associate,2026-01-22 23:07:11.043000+00:00,PART_TIME,True,"Vancouver, BC",5,5,POSITIVE,5,5,eng,"no advice, there amazing",0
DELOITTE,2763,102431512,Interned last summer,"I interned last summer at the Apple Cupertino office as a marketing intern, and it was an amazing experience. The projects they give are very hands-on.",I would love as an intern to be able to work on more cross-functional projects with technical teams as someone in the marketing department.,5,Marketing Intern,2026-01-22 20:54:31.147000+00:00,INTERN,True,"Cupertino, CA",,,,,,eng,n/a,0
INTEL,1519,102542311,Don't join contract,Ijp Schedule Ot incentives Hike,"Politics, Language preference Break time is 45 minutes",4,Customer Support,2026-01-28 20:59:41.210000+00:00,CONTRACT,True,Marathahalli,4,4,POSITIVE,4,4,eng,Increase 1 hour break to 1 hour 15 minutes,0
INTEL,1519,102541104,Fairly good workplace,"Job stability once you get a permanent full-time contract
Reasonable perks
Efficient HR responses
Good facilities",Not too much flexibility with working hours,4,Customer Service Representative,2026-01-28 19:29:30.707000+00:00,REGULAR,True,"Toronto, ON",4,2,POSITIVE,5,2,eng,n/a,0
INTEL,1519,102540524,Good,excellent salary for a student for just knowing how to speak english,"depends on the account you are working for 
my account cons were achieving and still getting asked for more and the bad management",4,Customer Service Representative,2026-01-28 18:48:34.713000+00:00,REGULAR,False,"Cairo, Cairo Governorate",,,,,,eng,be easy on your employees,1
INTEL,1519,102540082,Its not a bad position,"work from home, good breaks good hours plenty of OT if you want it.","quota set too high, limited timeframes for calls and after calls, not enough suppoer for new agents on the floor, no choice in all the OT or when we do the OT, way too hard to get commission",3,OnStar BBWC Advisor,2026-01-28 18:17:53.777000+00:00,REGULAR,True,"Fort Wayne, IN",1,2,NEGATIVE,3,2,eng,give more options on when mandated OT can be done more help to new agents,1
INTEL,1519,102535899,Mis comentarios,Maquina de cafe y aire acondicionado,"Pocos breaks, y maquina esta desabastecida",4,Customer Service Agent,2026-01-28 13:48:20.867000+00:00,REGULAR,True,"Lima, Lima Region",4,4,POSITIVE,4,4,eng,n/a,0
INTEL,1519,102535874,La mejor primera experiencia,"Excelente trato a su empleados y horarios flexibles, buenos beneficios.",Si vives un poco lejos puede que sea un poco difícil el tramo para llegar al site pero ya que cuentan con diferentes sedes en la ciudad no sería tan complicado.,5,Customer Service Agent,2026-01-28 13:47:10.337000+00:00,REGULAR,True,"Lima, Lima Region",5,5,POSITIVE,5,5,eng,n/a,0
INTEL,1519,102535853,Encuesta,Muy buen ambiente de trabajo!,El aire acondicionado a veces es muy frío,5,Agent,2026-01-28 13:46:36.177000+00:00,REGULAR,True,"Lima, Lima Region",5,5,POSITIVE,5,5,eng,n/a,0
INTEL,1519,102535837,Experience,"Best place to work, good environment",El Aire acondicionado muy fuerte,5,Customer Service Agent,2026-01-28 13:45:56.243000+00:00,REGULAR,True,"Lima, Lima Region",5,5,POSITIVE,5,5,eng,Es bueno por ahora,0
INTEL,1519,102535835,Review,"Planilla
Seguro
Aprendes sobre otras culturas y aumentas tu vocabulario","No hay restaurante 
Está un poco lejos de mi casa 😔",5,Agent,2026-01-28 13:45:50.027000+00:00,REGULAR,True,"Lima, Lima Region",5,5,POSITIVE,5,5,eng,Implementen un restaurante (no tan caro porfa) una alianza con Sodexo o algo así,0
INTEL,1519,102535810,Agents Experience,"Nice trainers, air condirtioning, nice coworkers and amazing security",Away from home and university,5,Agent,2026-01-28 13:44:50.863000+00:00,REGULAR,True,"Lima, Lima Region",5,5,POSITIVE,5,5,eng,n/a,0
CISCO,1425,102542311,Don't join contract,Ijp Schedule Ot incentives Hike,"Politics, Language preference Break time is 45 minutes",4,Customer Support,2026-01-28 20:59:41.210000+00:00,CONTRACT,True,Marathahalli,4,4,POSITIVE,4,4,eng,Increase 1 hour break to 1 hour 15 minutes,0
CISCO,1425,102541104,Fairly good workplace,"Job stability once you get a permanent full-time contract
Reasonable perks
Efficient HR responses
Good facilities",Not too much flexibility with working hours,4,Customer Service Representative,2026-01-28 19:29:30.707000+00:00,REGULAR,True,"Toronto, ON",4,2,POSITIVE,5,2,eng,n/a,0
CISCO,1425,102540524,Good,excellent salary for a student for just knowing how to speak english,"depends on the account you are working for 
my account cons were achieving and still getting asked for more and the bad management",4,Customer Service Representative,2026-01-28 18:48:34.713000+00:00,REGULAR,False,"Cairo, Cairo Governorate",,,,,,eng,be easy on your employees,1
CISCO,1425,102540082,Its not a bad position,"work from home, good breaks good hours plenty of OT if you want it.","quota set too high, limited timeframes for calls and after calls, not enough suppoer for new agents on the floor, no choice in all the OT or when we do the OT, way too hard to get commission",3,OnStar BBWC Advisor,2026-01-28 18:17:53.777000+00:00,REGULAR,True,"Fort Wayne, IN",1,2,NEGATIVE,3,2,eng,give more options on when mandated OT can be done more help to new agents,1
CISCO,1425,102535899,Mis comentarios,Maquina de cafe y aire acondicionado,"Pocos breaks, y maquina esta desabastecida",4,Customer Service Agent,2026-01-28 13:48:20.867000+00:00,REGULAR,True,"Lima, Lima Region",4,4,POSITIVE,4,4,eng,n/a,0
CISCO,1425,102535874,La mejor primera experiencia,"Excelente trato a su empleados y horarios flexibles, buenos beneficios.",Si vives un poco lejos puede que sea un poco difícil el tramo para llegar al site pero ya que cuentan con diferentes sedes en la ciudad no sería tan complicado.,5,Customer Service Agent,2026-01-28 13:47:10.337000+00:00,REGULAR,True,"Lima, Lima Region",5,5,POSITIVE,5,5,eng,n/a,0
CISCO,1425,102535853,Encuesta,Muy buen ambiente de trabajo!,El aire acondicionado a veces es muy frío,5,Agent,2026-01-28 13:46:36.177000+00:00,REGULAR,True,"Lima, Lima Region",5,5,POSITIVE,5,5,eng,n/a,0
CISCO,1425,102535837,Experience,"Best place to work, good environment",El Aire acondicionado muy fuerte,5,Customer Service Agent,2026-01-28 13:45:56.243000+00:00,REGULAR,True,"Lima, Lima Region",5,5,POSITIVE,5,5,eng,Es bueno por ahora,0
CISCO,1425,102535835,Review,"Planilla
Seguro
Aprendes sobre otras culturas y aumentas tu vocabulario","No hay restaurante 
Está un poco lejos de mi casa 😔",5,Agent,2026-01-28 13:45:50.027000+00:00,REGULAR,True,"Lima, Lima Region",5,5,POSITIVE,5,5,eng,Implementen un restaurante (no tan caro porfa) una alianza con Sodexo o algo así,0
CISCO,1425,102535810,Agents Experience,"Nice trainers, air condirtioning, nice coworkers and amazing security",Away from home and university,5,Agent,2026-01-28 13:44:50.863000+00:00,REGULAR,True,"Lima, Lima Region",5,5,POSITIVE,5,5,eng,n/a,0
CISCO,1425,102535685,Bueno,"Buen ambiente laboral 
Buenas campañas
Pagan a tiempo",Campañas con bonos prometidos difícil casi imposible de alcanzar,2,Agent,2026-01-28 13:38:52.873000+00:00,REGULAR,True,"Lima, Lima Region",2,2,POSITIVE,2,1,eng,Nada,0
CISCO,1425,102535430,And environment that encourages friendship,"As far as my personal experience, the people are nice. The whole training process was a good experience that combined new friendships and knowledge.",Probably the work hours are a bit longer than I'd like.,4,Operations Costumer Expert I,2026-01-28 13:26:00.747000+00:00,REGULAR,True,"Lima, Lima Region",3,4,POSITIVE,4,4,eng,-,0
CISCO,1425,102535290,Survey,"Flexible hours
Good benefits
Good work environment","Small premises
Too much traffic to get here
No areas for resting",5,Customer Service Representative,2026-01-28 13:19:02.217000+00:00,REGULAR,True,"Lima, Lima Region",5,5,POSITIVE,5,5,eng,n/a,0
CISCO,1425,102535215,Great place to work .,"Good benefits
Good Work environment","Location
Location
Location 
Location
Location",5,agente callcenter,2026-01-28 13:16:16.137000+00:00,REGULAR,True,"Lima, Lima Region",4,4,POSITIVE,4,4,eng,n/a,0
CISCO,1425,102535204,"Buena flexibilidad horaria, mala gestión de personal.","Flexibilidad horaria con estudios
Beneficios diversos
Ubicación céntrica","Mala gestión de personal
Desconexión forzada del exterior
Alta rotación de staff",5,Agent,2026-01-28 13:15:28.360000+00:00,REGULAR,True,"Lima, Lima Region",4,4,POSITIVE,3,2,eng,"Sueldos más competitivos, métricas más claras, mejor gestión de agentes.",0
CISCO,1425,102533740,Great place to work,"Buena empresa para trabajar, flexibles",Algo apartado el lugar de trabajo,5,Content Moderator,2026-01-28 12:07:44.213000+00:00,REGULAR,True,"Bogotá, Bogota",,5,,5,4,eng,n/a,0
CISCO,1425,102533647,Emotions and Experience Activity,Fue una actividad muy dinámica y divertida que ayuda a salir de la monotonía y recargar energías para continuar,No veo ningún contra en la actividad,5,Content Moderator,2026-01-28 12:04:14.503000+00:00,REGULAR,True,"Bogotá, Bogota",5,5,POSITIVE,5,5,eng,"No hay ninguno, la actividad fue muy completa",0
CISCO,1425,102533622,Buen ambiente laboral,"La empresa cuenta con un buen ambiente laboral, diversas actividades y apoyos.",Dan poco tiempo de break.,5,Operations Customer Expert 1,2026-01-28 12:03:08.967000+00:00,REGULAR,True,"Bogotá, Bogota",4,5,POSITIVE,5,4,eng,Mejorar un poco el tiempo de descanso.,0
CISCO,1425,102533610,Excelente,Un excelente ambiente laboral que se preocupa por sus empleados,Más dinamismo respecto a la elección de horarios,5,Content Moderator,2026-01-28 12:02:18.947000+00:00,REGULAR,True,"Bogotá, Bogota",5,5,POSITIVE,5,5,eng,No reducir beneficios para los empleados,0
CISCO,1425,102533605,Good laboral environment,Good place to work 👍🏽,"Anything, everything is ok and cool",5,Content Moderator,2026-01-28 12:02:04.830000+00:00,REGULAR,True,"Bogotá, Bogota",5,5,POSITIVE,5,5,eng,n/a,0
APPLE,1138,102542311,Don't join contract,Ijp Schedule Ot incentives Hike,"Politics, Language preference Break time is 45 minutes",4,Customer Support,2026-01-28 20:59:41.210000+00:00,CONTRACT,True,Marathahalli,4,4,POSITIVE,4,4,eng,Increase 1 hour break to 1 hour 15 minutes,0
APPLE,1138,102541104,Fairly good workplace,"Job stability once you get a permanent full-time contract
Reasonable perks
Efficient HR responses
Good facilities",Not too much flexibility with working hours,4,Customer Service Representative,2026-01-28 19:29:30.707000+00:00,REGULAR,True,"Toronto, ON",4,2,POSITIVE,5,2,eng,n/a,0
APPLE,1138,102540524,Good,excellent salary for a student for just knowing how to speak english,"depends on the account you are working for 
my account cons were achieving and still getting asked for more and the bad management",4,Customer Service Representative,2026-01-28 18:48:34.713000+00:00,REGULAR,False,"Cairo, Cairo Governorate",,,,,,eng,be easy on your employees,1
APPLE,1138,102540082,Its not a bad position,"work from home, good breaks good hours plenty of OT if you want it.","quota set too high, limited timeframes for calls and after calls, not enough suppoer for new agents on the floor, no choice in all the OT or when we do the OT, way too hard to get commission",3,OnStar BBWC Advisor,2026-01-28 18:17:53.777000+00:00,REGULAR,True,"Fort Wayne, IN",1,2,NEGATIVE,3,2,eng,give more options on when mandated OT can be done more help to new agents,1
APPLE,1138,102535899,Mis comentarios,Maquina de cafe y aire acondicionado,"Pocos breaks, y maquina esta desabastecida",4,Customer Service Agent,2026-01-28 13:48:20.867000+00:00,REGULAR,True,"Lima, Lima Region",4,4,POSITIVE,4,4,eng,n/a,0
APPLE,1138,102535874,La mejor primera experiencia,"Excelente trato a su empleados y horarios flexibles, buenos beneficios.",Si vives un poco lejos puede que sea un poco difícil el tramo para llegar al site pero ya que cuentan con diferentes sedes en la ciudad no sería tan complicado.,5,Customer Service Agent,2026-01-28 13:47:10.337000+00:00,REGULAR,True,"Lima, Lima Region",5,5,POSITIVE,5,5,eng,n/a,0
APPLE,1138,102535853,Encuesta,Muy buen ambiente de trabajo!,El aire acondicionado a veces es muy frío,5,Agent,2026-01-28 13:46:36.177000+00:00,REGULAR,True,"Lima, Lima Region",5,5,POSITIVE,5,5,eng,n/a,0
APPLE,1138,102535837,Experience,"Best place to work, good environment",El Aire acondicionado muy fuerte,5,Customer Service Agent,2026-01-28 13:45:56.243000+00:00,REGULAR,True,"Lima, Lima Region",5,5,POSITIVE,5,5,eng,Es bueno por ahora,0
APPLE,1138,102535835,Review,"Planilla
Seguro
Aprendes sobre otras culturas y aumentas tu vocabulario","No hay restaurante 
Está un poco lejos de mi casa 😔",5,Agent,2026-01-28 13:45:50.027000+00:00,REGULAR,True,"Lima, Lima Region",5,5,POSITIVE,5,5,eng,Implementen un restaurante (no tan caro porfa) una alianza con Sodexo o algo así,0
APPLE,1138,102535810,Agents Experience,"Nice trainers, air condirtioning, nice coworkers and amazing security",Away from home and university,5,Agent,2026-01-28 13:44:50.863000+00:00,REGULAR,True,"Lima, Lima Region",5,5,POSITIVE,5,5,eng,n/a,0
APPLE,1138,102535685,Bueno,"Buen ambiente laboral 
Buenas campañas
Pagan a tiempo",Campañas con bonos prometidos difícil casi imposible de alcanzar,2,Agent,2026-01-28 13:38:52.873000+00:00,REGULAR,True,"Lima, Lima Region",2,2,POSITIVE,2,1,eng,Nada,0
APPLE,1138,102535430,And environment that encourages friendship,"As far as my personal experience, the people are nice. The whole training process was a good experience that combined new friendships and knowledge.",Probably the work hours are a bit longer than I'd like.,4,Operations Costumer Expert I,2026-01-28 13:26:00.747000+00:00,REGULAR,True,"Lima, Lima Region",3,4,POSITIVE,4,4,eng,-,0
APPLE,1138,102535290,Survey,"Flexible hours
Good benefits
Good work environment","Small premises
Too much traffic to get here
No areas for resting",5,Customer Service Representative,2026-01-28 13:19:02.217000+00:00,REGULAR,True,"Lima, Lima Region",5,5,POSITIVE,5,5,eng,n/a,0
APPLE,1138,102535215,Great place to work .,"Good benefits
Good Work environment","Location
Location
Location 
Location
Location",5,agente callcenter,2026-01-28 13:16:16.137000+00:00,REGULAR,True,"Lima, Lima Region",4,4,POSITIVE,4,4,eng,n/a,0
APPLE,1138,102535204,"Buena flexibilidad horaria, mala gestión de personal.","Flexibilidad horaria con estudios
Beneficios diversos
Ubicación céntrica","Mala gestión de personal
Desconexión forzada del exterior
Alta rotación de staff",5,Agent,2026-01-28 13:15:28.360000+00:00,REGULAR,True,"Lima, Lima Region",4,4,POSITIVE,3,2,eng,"Sueldos más competitivos, métricas más claras, mejor gestión de agentes.",0
APPLE,1138,102533740,Great place to work,"Buena empresa para trabajar, flexibles",Algo apartado el lugar de trabajo,5,Content Moderator,2026-01-28 12:07:44.213000+00:00,REGULAR,True,"Bogotá, Bogota",,5,,5,4,eng,n/a,0
APPLE,1138,102533647,Emotions and Experience Activity,Fue una actividad muy dinámica y divertida que ayuda a salir de la monotonía y recargar energías para continuar,No veo ningún contra en la actividad,5,Content Moderator,2026-01-28 12:04:14.503000+00:00,REGULAR,True,"Bogotá, Bogota",5,5,POSITIVE,5,5,eng,"No hay ninguno, la actividad fue muy completa",0
APPLE,1138,102533622,Buen ambiente laboral,"La empresa cuenta con un buen ambiente laboral, diversas actividades y apoyos.",Dan poco tiempo de break.,5,Operations Customer Expert 1,2026-01-28 12:03:08.967000+00:00,REGULAR,True,"Bogotá, Bogota",4,5,POSITIVE,5,4,eng,Mejorar un poco el tiempo de descanso.,0
APPLE,1138,102533610,Excelente,Un excelente ambiente laboral que se preocupa por sus empleados,Más dinamismo respecto a la elección de horarios,5,Content Moderator,2026-01-28 12:02:18.947000+00:00,REGULAR,True,"Bogotá, Bogota",5,5,POSITIVE,5,5,eng,No reducir beneficios para los empleados,0
APPLE,1138,102533605,Good laboral environment,Good place to work 👍🏽,"Anything, everything is ok and cool",5,Content Moderator,2026-01-28 12:02:04.830000+00:00,REGULAR,True,"Bogotá, Bogota",5,5,POSITIVE,5,5,eng,n/a,0
APPLE,1138,102533578,Excelente ambiente laboral,Las actividades a realizar considero son adecuadas para mantener un espacio laboral sano y activo.,Las actividades podrían incluir el ámbito conversacional para fortalecer el juego y la dinámica.,5,Content Moderator,2026-01-28 12:01:06.477000+00:00,REGULAR,True,"Bogotá, Bogota",5,4,POSITIVE,5,5,eng,Sugiero dedicar un espacio un poco más prolongado para este tipo de dinámicas.,0
APPLE,1138,102533570,Tp sup review,"You have excellent benefits as worker in Tp, the work environment is great, the payment is puntual and nice.",Some of the benefits are not working currently.,4,Supervisor,2026-01-28 12:00:38.567000+00:00,CONTRACT,True,"Bogota, Cundinamarca",4,5,POSITIVE,4,3,eng,n/a,0
APPLE,1138,102533546,Good laboral enviroment,Pretty good enviroment and people,"Everything was awesome, nothing to complaint",5,,2026-01-28 11:59:41.583000+00:00,REGULAR,True,,5,5,POSITIVE,5,5,eng,No,0
APPLE,1138,102533540,Buen ambiente laboral,"Lindas instalaciones y excelente ambiente, muy tranquilo y cómodo",Cómo sugerencia me gustaría más conversación,4,Content Moderator,2026-01-28 11:59:21.727000+00:00,REGULAR,True,,,,,,,eng,n/a,0
APPLE,1138,102533529,Great and funny time at work,It's great to have fun at work and know coworkers that can become great friends,There are any cons for this,5,Content Moderator,2026-01-28 11:59:12.573000+00:00,REGULAR,True,"Bogotá, Bogota",5,5,POSITIVE,5,5,eng,Any,0
APPLE,1138,102527713,Great if you need just anything and fast,The timeline from applying to getting hired was really fast. The interview was one of the easiest I've experienced as there were no real interview questions. I was only asked about my internet at home and when I could start.,"The company is very disorganized, the training is not as in depth as it should be, and the management team is horrible. There is no communication and they have a fake ""open-door"" policy. The pay is minimum and they try to force you into promotions w/o pay increases.",2,,2026-01-28 07:45:11.813000+00:00,REGULAR,False,,,,,,,eng,n/a,0
APPLE,1138,102521047,Feedback,Good environment and echo friendly,"So far my first day, everything was smooth",4,Customer Service Representative (CSR),2026-01-28 01:08:25.723000+00:00,REGULAR,True,,4,4,POSITIVE,4,4,eng,n/a,0
APPLE,1138,102515491,Terrible job,"Good training program and instructors,",Terrible work environment. Will let you go for not making sales.,1,,2026-01-27 17:26:22.707000+00:00,REGULAR,False,,,,,,,eng,n/a,0
APPLE,1138,102512762,Great Oppurtunity,"Flexible schedule, opportunity to advance, work from home environment.",I would really appreciate more competitive wages.,3,Desktop Support Technician,2026-01-27 14:17:45.170000+00:00,REGULAR,True,"El Paso, TX",,,,,,eng,Consider the workload of a position when considering the pay rate.,0
APPLE,1138,102511558,Working at TP,"Guarantee 40 hours
Working environment is great","Not enough OT, but still a great job place to work.",5,Desktop and Site Support Technician II,2026-01-27 13:11:55.100000+00:00,REGULAR,True,"Warren, MI",5,4,POSITIVE,5,5,eng,Keep up with the great work that you do.,0
NORTHROP_GRUMMAN,488,102542311,Don't join contract,Ijp Schedule Ot incentives Hike,"Politics, Language preference Break time is 45 minutes",4,Customer Support,2026-01-28 20:59:41.210000+00:00,CONTRACT,True,Marathahalli,4,4,POSITIVE,4,4,eng,Increase 1 hour break to 1 hour 15 minutes,0
NORTHROP_GRUMMAN,488,102541104,Fairly good workplace,"Job stability once you get a permanent full-time contract
Reasonable perks
Efficient HR responses
Good facilities",Not too much flexibility with working hours,4,Customer Service Representative,2026-01-28 19:29:30.707000+00:00,REGULAR,True,"Toronto, ON",4,2,POSITIVE,5,2,eng,n/a,0
NORTHROP_GRUMMAN,488,102540524,Good,excellent salary for a student for just knowing how to speak english,"depends on the account you are working for 
my account cons were achieving and still getting asked for more and the bad management",4,Customer Service Representative,2026-01-28 18:48:34.713000+00:00,REGULAR,False,"Cairo, Cairo Governorate",,,,,,eng,be easy on your employees,1
NORTHROP_GRUMMAN,488,102540082,Its not a bad position,"work from home, good breaks good hours plenty of OT if you want it.","quota set too high, limited timeframes for calls and after calls, not enough suppoer for new agents on the floor, no choice in all the OT or when we do the OT, way too hard to get commission",3,OnStar BBWC Advisor,2026-01-28 18:17:53.777000+00:00,REGULAR,True,"Fort Wayne, IN",1,2,NEGATIVE,3,2,eng,give more options on when mandated OT can be done more help to new agents,1
NORTHROP_GRUMMAN,488,102535899,Mis comentarios,Maquina de cafe y aire acondicionado,"Pocos breaks, y maquina esta desabastecida",4,Customer Service Agent,2026-01-28 13:48:20.867000+00:00,REGULAR,True,"Lima, Lima Region",4,4,POSITIVE,4,4,eng,n/a,0
NORTHROP_GRUMMAN,488,102535874,La mejor primera experiencia,"Excelente trato a su empleados y horarios flexibles, buenos beneficios.",Si vives un poco lejos puede que sea un poco difícil el tramo para llegar al site pero ya que cuentan con diferentes sedes en la ciudad no sería tan complicado.,5,Customer Service Agent,2026-01-28 13:47:10.337000+00:00,REGULAR,True,"Lima, Lima Region",5,5,POSITIVE,5,5,eng,n/a,0
NORTHROP_GRUMMAN,488,102535853,Encuesta,Muy buen ambiente de trabajo!,El aire acondicionado a veces es muy frío,5,Agent,2026-01-28 13:46:36.177000+00:00,REGULAR,True,"Lima, Lima Region",5,5,POSITIVE,5,5,eng,n/a,0
NORTHROP_GRUMMAN,488,102535837,Experience,"Best place to work, good environment",El Aire acondicionado muy fuerte,5,Customer Service Agent,2026-01-28 13:45:56.243000+00:00,REGULAR,True,"Lima, Lima Region",5,5,POSITIVE,5,5,eng,Es bueno por ahora,0
NORTHROP_GRUMMAN,488,102535835,Review,"Planilla
Seguro
Aprendes sobre otras culturas y aumentas tu vocabulario","No hay restaurante 
Está un poco lejos de mi casa 😔",5,Agent,2026-01-28 13:45:50.027000+00:00,REGULAR,True,"Lima, Lima Region",5,5,POSITIVE,5,5,eng,Implementen un restaurante (no tan caro porfa) una alianza con Sodexo o algo así,0
NORTHROP_GRUMMAN,488,102535810,Agents Experience,"Nice trainers, air condirtioning, nice coworkers and amazing security",Away from home and university,5,Agent,2026-01-28 13:44:50.863000+00:00,REGULAR,True,"Lima, Lima Region",5,5,POSITIVE,5,5,eng,n/a,0
NORTHROP_GRUMMAN,488,102535685,Bueno,"Buen ambiente laboral 
Buenas campañas
Pagan a tiempo",Campañas con bonos prometidos difícil casi imposible de alcanzar,2,Agent,2026-01-28 13:38:52.873000+00:00,REGULAR,True,"Lima, Lima Region",2,2,POSITIVE,2,1,eng,Nada,0
NORTHROP_GRUMMAN,488,102535430,And environment that encourages friendship,"As far as my personal experience, the people are nice. The whole training process was a good experience that combined new friendships and knowledge.",Probably the work hours are a bit longer than I'd like.,4,Operations Costumer Expert I,2026-01-28 13:26:00.747000+00:00,REGULAR,True,"Lima, Lima Region",3,4,POSITIVE,4,4,eng,-,0
NORTHROP_GRUMMAN,488,102535290,Survey,"Flexible hours
Good benefits
Good work environment","Small premises
Too much traffic to get here
No areas for resting",5,Customer Service Representative,2026-01-28 13:19:02.217000+00:00,REGULAR,True,"Lima, Lima Region",5,5,POSITIVE,5,5,eng,n/a,0
NORTHROP_GRUMMAN,488,102535215,Great place to work .,"Good benefits
Good Work environment","Location
Location
Location 
Location
Location",5,agente callcenter,2026-01-28 13:16:16.137000+00:00,REGULAR,True,"Lima, Lima Region",4,4,POSITIVE,4,4,eng,n/a,0
NORTHROP_GRUMMAN,488,102535204,"Buena flexibilidad horaria, mala gestión de personal.","Flexibilidad horaria con estudios
Beneficios diversos
Ubicación céntrica","Mala gestión de personal
Desconexión forzada del exterior
Alta rotación de staff",5,Agent,2026-01-28 13:15:28.360000+00:00,REGULAR,True,"Lima, Lima Region",4,4,POSITIVE,3,2,eng,"Sueldos más competitivos, métricas más claras, mejor gestión de agentes.",0
NORTHROP_GRUMMAN,488,102533740,Great place to work,"Buena empresa para trabajar, flexibles",Algo apartado el lugar de trabajo,5,Content Moderator,2026-01-28 12:07:44.213000+00:00,REGULAR,True,"Bogotá, Bogota",,5,,5,4,eng,n/a,0
NORTHROP_GRUMMAN,488,102533647,Emotions and Experience Activity,Fue una actividad muy dinámica y divertida que ayuda a salir de la monotonía y recargar energías para continuar,No veo ningún contra en la actividad,5,Content Moderator,2026-01-28 12:04:14.503000+00:00,REGULAR,True,"Bogotá, Bogota",5,5,POSITIVE,5,5,eng,"No hay ninguno, la actividad fue muy completa",0
NORTHROP_GRUMMAN,488,102533622,Buen ambiente laboral,"La empresa cuenta con un buen ambiente laboral, diversas actividades y apoyos.",Dan poco tiempo de break.,5,Operations Customer Expert 1,2026-01-28 12:03:08.967000+00:00,REGULAR,True,"Bogotá, Bogota",4,5,POSITIVE,5,4,eng,Mejorar un poco el tiempo de descanso.,0
NORTHROP_GRUMMAN,488,102533610,Excelente,Un excelente ambiente laboral que se preocupa por sus empleados,Más dinamismo respecto a la elección de horarios,5,Content Moderator,2026-01-28 12:02:18.947000+00:00,REGULAR,True,"Bogotá, Bogota",5,5,POSITIVE,5,5,eng,No reducir beneficios para los empleados,0
NORTHROP_GRUMMAN,488,102533605,Good laboral environment,Good place to work 👍🏽,"Anything, everything is ok and cool",5,Content Moderator,2026-01-28 12:02:04.830000+00:00,REGULAR,True,"Bogotá, Bogota",5,5,POSITIVE,5,5,eng,n/a,0
NORTHROP_GRUMMAN,488,102533578,Excelente ambiente laboral,Las actividades a realizar considero son adecuadas para mantener un espacio laboral sano y activo.,Las actividades podrían incluir el ámbito conversacional para fortalecer el juego y la dinámica.,5,Content Moderator,2026-01-28 12:01:06.477000+00:00,REGULAR,True,"Bogotá, Bogota",5,4,POSITIVE,5,5,eng,Sugiero dedicar un espacio un poco más prolongado para este tipo de dinámicas.,0
NORTHROP_GRUMMAN,488,102533570,Tp sup review,"You have excellent benefits as worker in Tp, the work environment is great, the payment is puntual and nice.",Some of the benefits are not working currently.,4,Supervisor,2026-01-28 12:00:38.567000+00:00,CONTRACT,True,"Bogota, Cundinamarca",4,5,POSITIVE,4,3,eng,n/a,0
NORTHROP_GRUMMAN,488,102533546,Good laboral enviroment,Pretty good enviroment and people,"Everything was awesome, nothing to complaint",5,,2026-01-28 11:59:41.583000+00:00,REGULAR,True,,5,5,POSITIVE,5,5,eng,No,0
NORTHROP_GRUMMAN,488,102533540,Buen ambiente laboral,"Lindas instalaciones y excelente ambiente, muy tranquilo y cómodo",Cómo sugerencia me gustaría más conversación,4,Content Moderator,2026-01-28 11:59:21.727000+00:00,REGULAR,True,,,,,,,eng,n/a,0
NORTHROP_GRUMMAN,488,102533529,Great and funny time at work,It's great to have fun at work and know coworkers that can become great friends,There are any cons for this,5,Content Moderator,2026-01-28 11:59:12.573000+00:00,REGULAR,True,"Bogotá, Bogota",5,5,POSITIVE,5,5,eng,Any,0
NORTHROP_GRUMMAN,488,102527713,Great if you need just anything and fast,The timeline from applying to getting hired was really fast. The interview was one of the easiest I've experienced as there were no real interview questions. I was only asked about my internet at home and when I could start.,"The company is very disorganized, the training is not as in depth as it should be, and the management team is horrible. There is no communication and they have a fake ""open-door"" policy. The pay is minimum and they try to force you into promotions w/o pay increases.",2,,2026-01-28 07:45:11.813000+00:00,REGULAR,False,,,,,,,eng,n/a,0
NORTHROP_GRUMMAN,488,102521047,Feedback,Good environment and echo friendly,"So far my first day, everything was smooth",4,Customer Service Representative (CSR),2026-01-28 01:08:25.723000+00:00,REGULAR,True,,4,4,POSITIVE,4,4,eng,n/a,0
NORTHROP_GRUMMAN,488,102515491,Terrible job,"Good training program and instructors,",Terrible work environment. Will let you go for not making sales.,1,,2026-01-27 17:26:22.707000+00:00,REGULAR,False,,,,,,,eng,n/a,0
NORTHROP_GRUMMAN,488,102512762,Great Oppurtunity,"Flexible schedule, opportunity to advance, work from home environment.",I would really appreciate more competitive wages.,3,Desktop Support Technician,2026-01-27 14:17:45.170000+00:00,REGULAR,True,"El Paso, TX",,,,,,eng,Consider the workload of a position when considering the pay rate.,0
NORTHROP_GRUMMAN,488,102511558,Working at TP,"Guarantee 40 hours
Working environment is great","Not enough OT, but still a great job place to work.",5,Desktop and Site Support Technician II,2026-01-27 13:11:55.100000+00:00,REGULAR,True,"Warren, MI",5,4,POSITIVE,5,5,eng,Keep up with the great work that you do.,0
NORTHROP_GRUMMAN,488,102508846,Good starting point,Good work life balance and work hours,Lots of micromanaging with unrealistic expectations and targets,2,Digital Marketing Specialist,2026-01-27 10:58:46.277000+00:00,REGULAR,True,"Toronto, ON",1,1,NEGATIVE,1,5,eng,n/a,0
NORTHROP_GRUMMAN,488,102507942,Buena empresa y rápida para los procesos,"- Mi campaña ofrecia un entrenamiento preciso y muy práctico
- Los entrenadores muy comprensivos y serviciales
- El pequeño espacio de adaptación a operaciones fue muy útil","- La campaña presenta un alto flujo de llamadas que pueden durar hasta dos horas cada una
- No se puede colgar las llamadas antes de que el cliente acabe el servicio, por lo que la mayoría de días debí hacer tiempo extra",4,Interpretor,2026-01-27 10:21:46.190000+00:00,PART_TIME,False,"Cali, Valle del Cauca",,,,,,eng,n/a,0
NORTHROP_GRUMMAN,488,102507708,trash,they pay good &amp; have daily pay. training is paid as well,they will fire you without notice or reason,1,Field Representative,2026-01-27 10:12:24.713000+00:00,TEMPORARY,False,"Lakeland Highlands, FL",1,4,,1,1,eng,n/a,0
NORTHROP_GRUMMAN,488,102506279,Ventas,"Me gusta el espacio, el ambiente de trabajo y la metodología de pago",La variación entre campañas no te garantiza un empleo cuando te interesa permanecer durante mucho tiempo.,5,Operations Customer Expert I,2026-01-27 09:13:34.663000+00:00,REGULAR,True,"Bogotá, Bogota",5,5,POSITIVE,5,5,eng,n/a,0
NORTHROP_GRUMMAN,488,102505396,Info,El crecimiento que permite en la empresa,Que falta fortalecer varios proyectos,4,Administrator,2026-01-27 08:39:01.610000+00:00,CONTRACT,True,"Bogotá, Bogota",4,4,POSITIVE,4,4,eng,Implementar mas procesos,0
NORTHROP_GRUMMAN,488,102505362,Buen trabajo,Es una compañía que brinda estabilidad a las personas,El acceso a los ascensores son tediosos,5,Customer Service Representative,2026-01-27 08:37:52.580000+00:00,REGULAR,True,"Bogotá, Bogota",4,4,POSITIVE,4,4,eng,Hacer más actividades lúdicas,0
NORTHROP_GRUMMAN,488,102505341,Espacios cómodos,Buenos espacios y oportunidades para primer empleo.,"Algunos horarios, bajos salarios que manejan algunas campañas",4,Costumer Service,2026-01-27 08:37:22.907000+00:00,REGULAR,True,"Bogotá, Bogota",4,4,POSITIVE,3,3,eng,Manejar la parte de los salarios para las campañas bilingües,0
NORTHROP_GRUMMAN,488,102504051,No thinking Human,"Free coffee machine, well structured training program","No thinking in their employees as human, do not take care of their talent like if they could have so much interested people in line",2,Customer Service Representative,2026-01-27 07:42:55.077000+00:00,REGULAR,False,"Bogotá, Bogota",1,4,NEGATIVE,1,2,eng,"Understanding how humans works, why the dissconection moments are importante, 30 min lunch for a place with ovens and lockers away from workplace is not friendly",0
NORTHROP_GRUMMAN,488,102501869,Overall good,Good career progression with clear targets,"Not many cons, high turnover",4,Technical Support - Genius Bar,2026-01-27 06:07:56.607000+00:00,REGULAR,False,"San Jose, San Jose",,,,,,eng,n/a,0
NORTHROP_GRUMMAN,488,102495677,Worst place,Yes no and sometimes yes,Rien a signaling  cause lelo faux,5,Customer Service Representative,2026-01-27 00:18:51.137000+00:00,REGULAR,True,"Athens, Athens, Attica",,,,,,eng,n/a,0
LOCKHEED_MARTIN,404,102542311,Don't join contract,Ijp Schedule Ot incentives Hike,"Politics, Language preference Break time is 45 minutes",4,Customer Support,2026-01-28 20:59:41.210000+00:00,CONTRACT,True,Marathahalli,4,4,POSITIVE,4,4,eng,Increase 1 hour break to 1 hour 15 minutes,0
LOCKHEED_MARTIN,404,102541104,Fairly good workplace,"Job stability once you get a permanent full-time contract
Reasonable perks
Efficient HR responses
Good facilities",Not too much flexibility with working hours,4,Customer Service Representative,2026-01-28 19:29:30.707000+00:00,REGULAR,True,"Toronto, ON",4,2,POSITIVE,5,2,eng,n/a,0
LOCKHEED_MARTIN,404,102540524,Good,excellent salary for a student for just knowing how to speak english,"depends on the account you are working for 
my account cons were achieving and still getting asked for more and the bad management",4,Customer Service Representative,2026-01-28 18:48:34.713000+00:00,REGULAR,False,"Cairo, Cairo Governorate",,,,,,eng,be easy on your employees,1
LOCKHEED_MARTIN,404,102540082,Its not a bad position,"work from home, good breaks good hours plenty of OT if you want it.","quota set too high, limited timeframes for calls and after calls, not enough suppoer for new agents on the floor, no choice in all the OT or when we do the OT, way too hard to get commission",3,OnStar BBWC Advisor,2026-01-28 18:17:53.777000+00:00,REGULAR,True,"Fort Wayne, IN",1,2,NEGATIVE,3,2,eng,give more options on when mandated OT can be done more help to new agents,1
LOCKHEED_MARTIN,404,102535899,Mis comentarios,Maquina de cafe y aire acondicionado,"Pocos breaks, y maquina esta desabastecida",4,Customer Service Agent,2026-01-28 13:48:20.867000+00:00,REGULAR,True,"Lima, Lima Region",4,4,POSITIVE,4,4,eng,n/a,0
LOCKHEED_MARTIN,404,102535874,La mejor primera experiencia,"Excelente trato a su empleados y horarios flexibles, buenos beneficios.",Si vives un poco lejos puede que sea un poco difícil el tramo para llegar al site pero ya que cuentan con diferentes sedes en la ciudad no sería tan complicado.,5,Customer Service Agent,2026-01-28 13:47:10.337000+00:00,REGULAR,True,"Lima, Lima Region",5,5,POSITIVE,5,5,eng,n/a,0
LOCKHEED_MARTIN,404,102535853,Encuesta,Muy buen ambiente de trabajo!,El aire acondicionado a veces es muy frío,5,Agent,2026-01-28 13:46:36.177000+00:00,REGULAR,True,"Lima, Lima Region",5,5,POSITIVE,5,5,eng,n/a,0
LOCKHEED_MARTIN,404,102535837,Experience,"Best place to work, good environment",El Aire acondicionado muy fuerte,5,Customer Service Agent,2026-01-28 13:45:56.243000+00:00,REGULAR,True,"Lima, Lima Region",5,5,POSITIVE,5,5,eng,Es bueno por ahora,0
LOCKHEED_MARTIN,404,102535835,Review,"Planilla
Seguro
Aprendes sobre otras culturas y aumentas tu vocabulario","No hay restaurante 
Está un poco lejos de mi casa 😔",5,Agent,2026-01-28 13:45:50.027000+00:00,REGULAR,True,"Lima, Lima Region",5,5,POSITIVE,5,5,eng,Implementen un restaurante (no tan caro porfa) una alianza con Sodexo o algo así,0
LOCKHEED_MARTIN,404,102535810,Agents Experience,"Nice trainers, air condirtioning, nice coworkers and amazing security",Away from home and university,5,Agent,2026-01-28 13:44:50.863000+00:00,REGULAR,True,"Lima, Lima Region",5,5,POSITIVE,5,5,eng,n/a,0
LOCKHEED_MARTIN,404,102535685,Bueno,"Buen ambiente laboral 
Buenas campañas
Pagan a tiempo",Campañas con bonos prometidos difícil casi imposible de alcanzar,2,Agent,2026-01-28 13:38:52.873000+00:00,REGULAR,True,"Lima, Lima Region",2,2,POSITIVE,2,1,eng,Nada,0
LOCKHEED_MARTIN,404,102535430,And environment that encourages friendship,"As far as my personal experience, the people are nice. The whole training process was a good experience that combined new friendships and knowledge.",Probably the work hours are a bit longer than I'd like.,4,Operations Costumer Expert I,2026-01-28 13:26:00.747000+00:00,REGULAR,True,"Lima, Lima Region",3,4,POSITIVE,4,4,eng,-,0
LOCKHEED_MARTIN,404,102535290,Survey,"Flexible hours
Good benefits
Good work environment","Small premises
Too much traffic to get here
No areas for resting",5,Customer Service Representative,2026-01-28 13:19:02.217000+00:00,REGULAR,True,"Lima, Lima Region",5,5,POSITIVE,5,5,eng,n/a,0
LOCKHEED_MARTIN,404,102535215,Great place to work .,"Good benefits
Good Work environment","Location
Location
Location 
Location
Location",5,agente callcenter,2026-01-28 13:16:16.137000+00:00,REGULAR,True,"Lima, Lima Region",4,4,POSITIVE,4,4,eng,n/a,0
LOCKHEED_MARTIN,404,102535204,"Buena flexibilidad horaria, mala gestión de personal.","Flexibilidad horaria con estudios
Beneficios diversos
Ubicación céntrica","Mala gestión de personal
Desconexión forzada del exterior
Alta rotación de staff",5,Agent,2026-01-28 13:15:28.360000+00:00,REGULAR,True,"Lima, Lima Region",4,4,POSITIVE,3,2,eng,"Sueldos más competitivos, métricas más claras, mejor gestión de agentes.",0
LOCKHEED_MARTIN,404,102533740,Great place to work,"Buena empresa para trabajar, flexibles",Algo apartado el lugar de trabajo,5,Content Moderator,2026-01-28 12:07:44.213000+00:00,REGULAR,True,"Bogotá, Bogota",,5,,5,4,eng,n/a,0
LOCKHEED_MARTIN,404,102533647,Emotions and Experience Activity,Fue una actividad muy dinámica y divertida que ayuda a salir de la monotonía y recargar energías para continuar,No veo ningún contra en la actividad,5,Content Moderator,2026-01-28 12:04:14.503000+00:00,REGULAR,True,"Bogotá, Bogota",5,5,POSITIVE,5,5,eng,"No hay ninguno, la actividad fue muy completa",0
LOCKHEED_MARTIN,404,102533622,Buen ambiente laboral,"La empresa cuenta con un buen ambiente laboral, diversas actividades y apoyos.",Dan poco tiempo de break.,5,Operations Customer Expert 1,2026-01-28 12:03:08.967000+00:00,REGULAR,True,"Bogotá, Bogota",4,5,POSITIVE,5,4,eng,Mejorar un poco el tiempo de descanso.,0
LOCKHEED_MARTIN,404,102533610,Excelente,Un excelente ambiente laboral que se preocupa por sus empleados,Más dinamismo respecto a la elección de horarios,5,Content Moderator,2026-01-28 12:02:18.947000+00:00,REGULAR,True,"Bogotá, Bogota",5,5,POSITIVE,5,5,eng,No reducir beneficios para los empleados,0
LOCKHEED_MARTIN,404,102533605,Good laboral environment,Good place to work 👍🏽,"Anything, everything is ok and cool",5,Content Moderator,2026-01-28 12:02:04.830000+00:00,REGULAR,True,"Bogotá, Bogota",5,5,POSITIVE,5,5,eng,n/a,0
LOCKHEED_MARTIN,404,102533578,Excelente ambiente laboral,Las actividades a realizar considero son adecuadas para mantener un espacio laboral sano y activo.,Las actividades podrían incluir el ámbito conversacional para fortalecer el juego y la dinámica.,5,Content Moderator,2026-01-28 12:01:06.477000+00:00,REGULAR,True,"Bogotá, Bogota",5,4,POSITIVE,5,5,eng,Sugiero dedicar un espacio un poco más prolongado para este tipo de dinámicas.,0
LOCKHEED_MARTIN,404,102533570,Tp sup review,"You have excellent benefits as worker in Tp, the work environment is great, the payment is puntual and nice.",Some of the benefits are not working currently.,4,Supervisor,2026-01-28 12:00:38.567000+00:00,CONTRACT,True,"Bogota, Cundinamarca",4,5,POSITIVE,4,3,eng,n/a,0
LOCKHEED_MARTIN,404,102533546,Good laboral enviroment,Pretty good enviroment and people,"Everything was awesome, nothing to complaint",5,,2026-01-28 11:59:41.583000+00:00,REGULAR,True,,5,5,POSITIVE,5,5,eng,No,0
LOCKHEED_MARTIN,404,102533540,Buen ambiente laboral,"Lindas instalaciones y excelente ambiente, muy tranquilo y cómodo",Cómo sugerencia me gustaría más conversación,4,Content Moderator,2026-01-28 11:59:21.727000+00:00,REGULAR,True,,,,,,,eng,n/a,0
LOCKHEED_MARTIN,404,102533529,Great and funny time at work,It's great to have fun at work and know coworkers that can become great friends,There are any cons for this,5,Content Moderator,2026-01-28 11:59:12.573000+00:00,REGULAR,True,"Bogotá, Bogota",5,5,POSITIVE,5,5,eng,Any,0
LOCKHEED_MARTIN,404,102527713,Great if you need just anything and fast,The timeline from applying to getting hired was really fast. The interview was one of the easiest I've experienced as there were no real interview questions. I was only asked about my internet at home and when I could start.,"The company is very disorganized, the training is not as in depth as it should be, and the management team is horrible. There is no communication and they have a fake ""open-door"" policy. The pay is minimum and they try to force you into promotions w/o pay increases.",2,,2026-01-28 07:45:11.813000+00:00,REGULAR,False,,,,,,,eng,n/a,0
LOCKHEED_MARTIN,404,102521047,Feedback,Good environment and echo friendly,"So far my first day, everything was smooth",4,Customer Service Representative (CSR),2026-01-28 01:08:25.723000+00:00,REGULAR,True,,4,4,POSITIVE,4,4,eng,n/a,0
LOCKHEED_MARTIN,404,102515491,Terrible job,"Good training program and instructors,",Terrible work environment. Will let you go for not making sales.,1,,2026-01-27 17:26:22.707000+00:00,REGULAR,False,,,,,,,eng,n/a,0
LOCKHEED_MARTIN,404,102512762,Great Oppurtunity,"Flexible schedule, opportunity to advance, work from home environment.",I would really appreciate more competitive wages.,3,Desktop Support Technician,2026-01-27 14:17:45.170000+00:00,REGULAR,True,"El Paso, TX",,,,,,eng,Consider the workload of a position when considering the pay rate.,0
LOCKHEED_MARTIN,404,102511558,Working at TP,"Guarantee 40 hours
Working environment is great","Not enough OT, but still a great job place to work.",5,Desktop and Site Support Technician II,2026-01-27 13:11:55.100000+00:00,REGULAR,True,"Warren, MI",5,4,POSITIVE,5,5,eng,Keep up with the great work that you do.,0
LOCKHEED_MARTIN,404,102508846,Good starting point,Good work life balance and work hours,Lots of micromanaging with unrealistic expectations and targets,2,Digital Marketing Specialist,2026-01-27 10:58:46.277000+00:00,REGULAR,True,"Toronto, ON",1,1,NEGATIVE,1,5,eng,n/a,0
LOCKHEED_MARTIN,404,102507942,Buena empresa y rápida para los procesos,"- Mi campaña ofrecia un entrenamiento preciso y muy práctico
- Los entrenadores muy comprensivos y serviciales
- El pequeño espacio de adaptación a operaciones fue muy útil","- La campaña presenta un alto flujo de llamadas que pueden durar hasta dos horas cada una
- No se puede colgar las llamadas antes de que el cliente acabe el servicio, por lo que la mayoría de días debí hacer tiempo extra",4,Interpretor,2026-01-27 10:21:46.190000+00:00,PART_TIME,False,"Cali, Valle del Cauca",,,,,,eng,n/a,0
LOCKHEED_MARTIN,404,102507708,trash,they pay good &amp; have daily pay. training is paid as well,they will fire you without notice or reason,1,Field Representative,2026-01-27 10:12:24.713000+00:00,TEMPORARY,False,"Lakeland Highlands, FL",1,4,,1,1,eng,n/a,0
LOCKHEED_MARTIN,404,102506279,Ventas,"Me gusta el espacio, el ambiente de trabajo y la metodología de pago",La variación entre campañas no te garantiza un empleo cuando te interesa permanecer durante mucho tiempo.,5,Operations Customer Expert I,2026-01-27 09:13:34.663000+00:00,REGULAR,True,"Bogotá, Bogota",5,5,POSITIVE,5,5,eng,n/a,0
LOCKHEED_MARTIN,404,102505396,Info,El crecimiento que permite en la empresa,Que falta fortalecer varios proyectos,4,Administrator,2026-01-27 08:39:01.610000+00:00,CONTRACT,True,"Bogotá, Bogota",4,4,POSITIVE,4,4,eng,Implementar mas procesos,0
LOCKHEED_MARTIN,404,102505362,Buen trabajo,Es una compañía que brinda estabilidad a las personas,El acceso a los ascensores son tediosos,5,Customer Service Representative,2026-01-27 08:37:52.580000+00:00,REGULAR,True,"Bogotá, Bogota",4,4,POSITIVE,4,4,eng,Hacer más actividades lúdicas,0
LOCKHEED_MARTIN,404,102505341,Espacios cómodos,Buenos espacios y oportunidades para primer empleo.,"Algunos horarios, bajos salarios que manejan algunas campañas",4,Costumer Service,2026-01-27 08:37:22.907000+00:00,REGULAR,True,"Bogotá, Bogota",4,4,POSITIVE,3,3,eng,Manejar la parte de los salarios para las campañas bilingües,0
LOCKHEED_MARTIN,404,102504051,No thinking Human,"Free coffee machine, well structured training program","No thinking in their employees as human, do not take care of their talent like if they could have so much interested people in line",2,Customer Service Representative,2026-01-27 07:42:55.077000+00:00,REGULAR,False,"Bogotá, Bogota",1,4,NEGATIVE,1,2,eng,"Understanding how humans works, why the dissconection moments are importante, 30 min lunch for a place with ovens and lockers away from workplace is not friendly",0
LOCKHEED_MARTIN,404,102501869,Overall good,Good career progression with clear targets,"Not many cons, high turnover",4,Technical Support - Genius Bar,2026-01-27 06:07:56.607000+00:00,REGULAR,False,"San Jose, San Jose",,,,,,eng,n/a,0
LOCKHEED_MARTIN,404,102495677,Worst place,Yes no and sometimes yes,Rien a signaling  cause lelo faux,5,Customer Service Representative,2026-01-27 00:18:51.137000+00:00,REGULAR,True,"Athens, Athens, Attica",,,,,,eng,n/a,0
LOCKHEED_MARTIN,404,102495677,Worst place,Yes no and sometimes yes,Rien a signaling  cause lelo faux,5,Customer Service Representative,2026-01-27 00:18:51.137000+00:00,REGULAR,True,"Athens, Athens, Attica",,,,,,eng,n/a,0
LOCKHEED_MARTIN,404,102473028,Experience,Good salary good commission transportation allowance,"Sme's rudeness and unhelpfullnes, stressfull jop,working hours to match us timing,",3,Customer Service Representative,2026-01-25 23:13:27.480000+00:00,REGULAR,False,"Cairo, Cairo Governorate",2,4,NEGATIVE,2,1,eng,n/a,0
LOCKHEED_MARTIN,404,102472941,Don’t bother,Free coffee while on site,Literally anything and everything you can think of,1,Customer Service Representative (CSR),2026-01-25 23:01:59.783000+00:00,REGULAR,False,"Waterloo, ON",,,,,,eng,Do better,0
LOCKHEED_MARTIN,404,102472828,Toxic,"Remote, flexible , diversity,good, people","Low pay

High stress

Angry customers

Strict rules

Repetitive work

Burnout risk

Limited growth

Tough schedules

Constant monitoring",2,Specialist,2026-01-25 22:45:11.487000+00:00,PART_TIME,True,"Montreal, QC",1,1,,1,1,eng,n/a,3
LOCKHEED_MARTIN,404,102468705,Una buena opción solo para comenzar,Los pagos se hacen a tiempo y son cumplidos con las prestaciones,El trabajo es muy pesado y la paga no es tan buena,3,Customer Service Representative (CSR),2026-01-25 14:01:18.077000+00:00,REGULAR,True,"Colombia, Cundinamarca",,,,,,eng,n/a,0
LOCKHEED_MARTIN,404,102466414,Only good for CV,"Stable-ish position, Good as a first interpreting job and they train you before you start.","0 life-work balance, They Pay poorly for what you do. The staff has zero communication among themselves and they have questionable policies.",3,Interpreter,2026-01-25 10:03:26.097000+00:00,REGULAR,True,,3,3,NEGATIVE,2,1,eng,"Improve the communication between team leaders, increase the pay and just in general take more care of your employees.",0
LOCKHEED_MARTIN,404,102466222,Review,"Punctual 
salary
International envriroment
14 salaries","Low pay and
Repetitive job",3,Customer Service Representative,2026-01-25 09:43:59.820000+00:00,REGULAR,False,"Thessaloníki, Western Macedonia",,,,,,eng,n/a,0
LOCKHEED_MARTIN,404,102465580,Supportive Peers,Teleperformance Good tech support learning.,Sometimes Call pressure builds resilience.,5,Technical Helpdesk,2026-01-25 08:38:25.360000+00:00,REGULAR,True,SAS Nagar,5,5,POSITIVE,5,5,eng,n/a,0
LOCKHEED_MARTIN,404,102465450,Consistent Learning,Client handling builds confidence and bond.,High expectations grow communication skills.,5,Client Relations Executive,2026-01-25 08:24:58.433000+00:00,REGULAR,True,Mumbai,5,5,POSITIVE,5,5,eng,n/a,0
LOCKHEED_MARTIN,404,102465340,Good Team Environment,Training coordination exposure is helpful.,Tight schedule' s improve organisation.,5,Learning Coordinator,2026-01-25 08:11:31.387000+00:00,REGULAR,True,Bengaluru,5,5,POSITIVE,5,5,eng,n/a,0
IBM,354,102542311,Don't join contract,Ijp Schedule Ot incentives Hike,"Politics, Language preference Break time is 45 minutes",4,Customer Support,2026-01-28 20:59:41.210000+00:00,CONTRACT,True,Marathahalli,4,4,POSITIVE,4,4,eng,Increase 1 hour break to 1 hour 15 minutes,0
IBM,354,102541104,Fairly good workplace,"Job stability once you get a permanent full-time contract
Reasonable perks
Efficient HR responses
Good facilities",Not too much flexibility with working hours,4,Customer Service Representative,2026-01-28 19:29:30.707000+00:00,REGULAR,True,"Toronto, ON",4,2,POSITIVE,5,2,eng,n/a,0
IBM,354,102540524,Good,excellent salary for a student for just knowing how to speak english,"depends on the account you are working for 
my account cons were achieving and still getting asked for more and the bad management",4,Customer Service Representative,2026-01-28 18:48:34.713000+00:00,REGULAR,False,"Cairo, Cairo Governorate",,,,,,eng,be easy on your employees,1
IBM,354,102540082,Its not a bad position,"work from home, good breaks good hours plenty of OT if you want it.","quota set too high, limited timeframes for calls and after calls, not enough suppoer for new agents on the floor, no choice in all the OT or when we do the OT, way too hard to get commission",3,OnStar BBWC Advisor,2026-01-28 18:17:53.777000+00:00,REGULAR,True,"Fort Wayne, IN",1,2,NEGATIVE,3,2,eng,give more options on when mandated OT can be done more help to new agents,1
IBM,354,102535899,Mis comentarios,Maquina de cafe y aire acondicionado,"Pocos breaks, y maquina esta desabastecida",4,Customer Service Agent,2026-01-28 13:48:20.867000+00:00,REGULAR,True,"Lima, Lima Region",4,4,POSITIVE,4,4,eng,n/a,0
IBM,354,102535874,La mejor primera experiencia,"Excelente trato a su empleados y horarios flexibles, buenos beneficios.",Si vives un poco lejos puede que sea un poco difícil el tramo para llegar al site pero ya que cuentan con diferentes sedes en la ciudad no sería tan complicado.,5,Customer Service Agent,2026-01-28 13:47:10.337000+00:00,REGULAR,True,"Lima, Lima Region",5,5,POSITIVE,5,5,eng,n/a,0
IBM,354,102535853,Encuesta,Muy buen ambiente de trabajo!,El aire acondicionado a veces es muy frío,5,Agent,2026-01-28 13:46:36.177000+00:00,REGULAR,True,"Lima, Lima Region",5,5,POSITIVE,5,5,eng,n/a,0
IBM,354,102535837,Experience,"Best place to work, good environment",El Aire acondicionado muy fuerte,5,Customer Service Agent,2026-01-28 13:45:56.243000+00:00,REGULAR,True,"Lima, Lima Region",5,5,POSITIVE,5,5,eng,Es bueno por ahora,0
IBM,354,102535835,Review,"Planilla
Seguro
Aprendes sobre otras culturas y aumentas tu vocabulario","No hay restaurante 
Está un poco lejos de mi casa 😔",5,Agent,2026-01-28 13:45:50.027000+00:00,REGULAR,True,"Lima, Lima Region",5,5,POSITIVE,5,5,eng,Implementen un restaurante (no tan caro porfa) una alianza con Sodexo o algo así,0
IBM,354,102535810,Agents Experience,"Nice trainers, air condirtioning, nice coworkers and amazing security",Away from home and university,5,Agent,2026-01-28 13:44:50.863000+00:00,REGULAR,True,"Lima, Lima Region",5,5,POSITIVE,5,5,eng,n/a,0
IBM,354,102535685,Bueno,"Buen ambiente laboral 
Buenas campañas
Pagan a tiempo",Campañas con bonos prometidos difícil casi imposible de alcanzar,2,Agent,2026-01-28 13:38:52.873000+00:00,REGULAR,True,"Lima, Lima Region",2,2,POSITIVE,2,1,eng,Nada,0
IBM,354,102535430,And environment that encourages friendship,"As far as my personal experience, the people are nice. The whole training process was a good experience that combined new friendships and knowledge.",Probably the work hours are a bit longer than I'd like.,4,Operations Costumer Expert I,2026-01-28 13:26:00.747000+00:00,REGULAR,True,"Lima, Lima Region",3,4,POSITIVE,4,4,eng,-,0
IBM,354,102535290,Survey,"Flexible hours
Good benefits
Good work environment","Small premises
Too much traffic to get here
No areas for resting",5,Customer Service Representative,2026-01-28 13:19:02.217000+00:00,REGULAR,True,"Lima, Lima Region",5,5,POSITIVE,5,5,eng,n/a,0
IBM,354,102535215,Great place to work .,"Good benefits
Good Work environment","Location
Location
Location 
Location
Location",5,agente callcenter,2026-01-28 13:16:16.137000+00:00,REGULAR,True,"Lima, Lima Region",4,4,POSITIVE,4,4,eng,n/a,0
IBM,354,102535204,"Buena flexibilidad horaria, mala gestión de personal.","Flexibilidad horaria con estudios
Beneficios diversos
Ubicación céntrica","Mala gestión de personal
Desconexión forzada del exterior
Alta rotación de staff",5,Agent,2026-01-28 13:15:28.360000+00:00,REGULAR,True,"Lima, Lima Region",4,4,POSITIVE,3,2,eng,"Sueldos más competitivos, métricas más claras, mejor gestión de agentes.",0
IBM,354,102533740,Great place to work,"Buena empresa para trabajar, flexibles",Algo apartado el lugar de trabajo,5,Content Moderator,2026-01-28 12:07:44.213000+00:00,REGULAR,True,"Bogotá, Bogota",,5,,5,4,eng,n/a,0
IBM,354,102533647,Emotions and Experience Activity,Fue una actividad muy dinámica y divertida que ayuda a salir de la monotonía y recargar energías para continuar,No veo ningún contra en la actividad,5,Content Moderator,2026-01-28 12:04:14.503000+00:00,REGULAR,True,"Bogotá, Bogota",5,5,POSITIVE,5,5,eng,"No hay ninguno, la actividad fue muy completa",0
IBM,354,102533622,Buen ambiente laboral,"La empresa cuenta con un buen ambiente laboral, diversas actividades y apoyos.",Dan poco tiempo de break.,5,Operations Customer Expert 1,2026-01-28 12:03:08.967000+00:00,REGULAR,True,"Bogotá, Bogota",4,5,POSITIVE,5,4,eng,Mejorar un poco el tiempo de descanso.,0
IBM,354,102533610,Excelente,Un excelente ambiente laboral que se preocupa por sus empleados,Más dinamismo respecto a la elección de horarios,5,Content Moderator,2026-01-28 12:02:18.947000+00:00,REGULAR,True,"Bogotá, Bogota",5,5,POSITIVE,5,5,eng,No reducir beneficios para los empleados,0
IBM,354,102533605,Good laboral environment,Good place to work 👍🏽,"Anything, everything is ok and cool",5,Content Moderator,2026-01-28 12:02:04.830000+00:00,REGULAR,True,"Bogotá, Bogota",5,5,POSITIVE,5,5,eng,n/a,0
IBM,354,102533578,Excelente ambiente laboral,Las actividades a realizar considero son adecuadas para mantener un espacio laboral sano y activo.,Las actividades podrían incluir el ámbito conversacional para fortalecer el juego y la dinámica.,5,Content Moderator,2026-01-28 12:01:06.477000+00:00,REGULAR,True,"Bogotá, Bogota",5,4,POSITIVE,5,5,eng,Sugiero dedicar un espacio un poco más prolongado para este tipo de dinámicas.,0
IBM,354,102533570,Tp sup review,"You have excellent benefits as worker in Tp, the work environment is great, the payment is puntual and nice.",Some of the benefits are not working currently.,4,Supervisor,2026-01-28 12:00:38.567000+00:00,CONTRACT,True,"Bogota, Cundinamarca",4,5,POSITIVE,4,3,eng,n/a,0
IBM,354,102533546,Good laboral enviroment,Pretty good enviroment and people,"Everything was awesome, nothing to complaint",5,,2026-01-28 11:59:41.583000+00:00,REGULAR,True,,5,5,POSITIVE,5,5,eng,No,0
IBM,354,102533540,Buen ambiente laboral,"Lindas instalaciones y excelente ambiente, muy tranquilo y cómodo",Cómo sugerencia me gustaría más conversación,4,Content Moderator,2026-01-28 11:59:21.727000+00:00,REGULAR,True,,,,,,,eng,n/a,0
IBM,354,102533529,Great and funny time at work,It's great to have fun at work and know coworkers that can become great friends,There are any cons for this,5,Content Moderator,2026-01-28 11:59:12.573000+00:00,REGULAR,True,"Bogotá, Bogota",5,5,POSITIVE,5,5,eng,Any,0
IBM,354,102527713,Great if you need just anything and fast,The timeline from applying to getting hired was really fast. The interview was one of the easiest I've experienced as there were no real interview questions. I was only asked about my internet at home and when I could start.,"The company is very disorganized, the training is not as in depth as it should be, and the management team is horrible. There is no communication and they have a fake ""open-door"" policy. The pay is minimum and they try to force you into promotions w/o pay increases.",2,,2026-01-28 07:45:11.813000+00:00,REGULAR,False,,,,,,,eng,n/a,0
IBM,354,102521047,Feedback,Good environment and echo friendly,"So far my first day, everything was smooth",4,Customer Service Representative (CSR),2026-01-28 01:08:25.723000+00:00,REGULAR,True,,4,4,POSITIVE,4,4,eng,n/a,0
IBM,354,102515491,Terrible job,"Good training program and instructors,",Terrible work environment. Will let you go for not making sales.,1,,2026-01-27 17:26:22.707000+00:00,REGULAR,False,,,,,,,eng,n/a,0
IBM,354,102512762,Great Oppurtunity,"Flexible schedule, opportunity to advance, work from home environment.",I would really appreciate more competitive wages.,3,Desktop Support Technician,2026-01-27 14:17:45.170000+00:00,REGULAR,True,"El Paso, TX",,,,,,eng,Consider the workload of a position when considering the pay rate.,0
IBM,354,102511558,Working at TP,"Guarantee 40 hours
Working environment is great","Not enough OT, but still a great job place to work.",5,Desktop and Site Support Technician II,2026-01-27 13:11:55.100000+00:00,REGULAR,True,"Warren, MI",5,4,POSITIVE,5,5,eng,Keep up with the great work that you do.,0
IBM,354,102508846,Good starting point,Good work life balance and work hours,Lots of micromanaging with unrealistic expectations and targets,2,Digital Marketing Specialist,2026-01-27 10:58:46.277000+00:00,REGULAR,True,"Toronto, ON",1,1,NEGATIVE,1,5,eng,n/a,0
IBM,354,102507942,Buena empresa y rápida para los procesos,"- Mi campaña ofrecia un entrenamiento preciso y muy práctico
- Los entrenadores muy comprensivos y serviciales
- El pequeño espacio de adaptación a operaciones fue muy útil","- La campaña presenta un alto flujo de llamadas que pueden durar hasta dos horas cada una
- No se puede colgar las llamadas antes de que el cliente acabe el servicio, por lo que la mayoría de días debí hacer tiempo extra",4,Interpretor,2026-01-27 10:21:46.190000+00:00,PART_TIME,False,"Cali, Valle del Cauca",,,,,,eng,n/a,0
IBM,354,102507708,trash,they pay good &amp; have daily pay. training is paid as well,they will fire you without notice or reason,1,Field Representative,2026-01-27 10:12:24.713000+00:00,TEMPORARY,False,"Lakeland Highlands, FL",1,4,,1,1,eng,n/a,0
IBM,354,102506279,Ventas,"Me gusta el espacio, el ambiente de trabajo y la metodología de pago",La variación entre campañas no te garantiza un empleo cuando te interesa permanecer durante mucho tiempo.,5,Operations Customer Expert I,2026-01-27 09:13:34.663000+00:00,REGULAR,True,"Bogotá, Bogota",5,5,POSITIVE,5,5,eng,n/a,0
IBM,354,102505396,Info,El crecimiento que permite en la empresa,Que falta fortalecer varios proyectos,4,Administrator,2026-01-27 08:39:01.610000+00:00,CONTRACT,True,"Bogotá, Bogota",4,4,POSITIVE,4,4,eng,Implementar mas procesos,0
IBM,354,102505362,Buen trabajo,Es una compañía que brinda estabilidad a las personas,El acceso a los ascensores son tediosos,5,Customer Service Representative,2026-01-27 08:37:52.580000+00:00,REGULAR,True,"Bogotá, Bogota",4,4,POSITIVE,4,4,eng,Hacer más actividades lúdicas,0
IBM,354,102505341,Espacios cómodos,Buenos espacios y oportunidades para primer empleo.,"Algunos horarios, bajos salarios que manejan algunas campañas",4,Costumer Service,2026-01-27 08:37:22.907000+00:00,REGULAR,True,"Bogotá, Bogota",4,4,POSITIVE,3,3,eng,Manejar la parte de los salarios para las campañas bilingües,0
IBM,354,102504051,No thinking Human,"Free coffee machine, well structured training program","No thinking in their employees as human, do not take care of their talent like if they could have so much interested people in line",2,Customer Service Representative,2026-01-27 07:42:55.077000+00:00,REGULAR,False,"Bogotá, Bogota",1,4,NEGATIVE,1,2,eng,"Understanding how humans works, why the dissconection moments are importante, 30 min lunch for a place with ovens and lockers away from workplace is not friendly",0
IBM,354,102501869,Overall good,Good career progression with clear targets,"Not many cons, high turnover",4,Technical Support - Genius Bar,2026-01-27 06:07:56.607000+00:00,REGULAR,False,"San Jose, San Jose",,,,,,eng,n/a,0
IBM,354,102495677,Worst place,Yes no and sometimes yes,Rien a signaling  cause lelo faux,5,Customer Service Representative,2026-01-27 00:18:51.137000+00:00,REGULAR,True,"Athens, Athens, Attica",,,,,,eng,n/a,0
IBM,354,102495677,Worst place,Yes no and sometimes yes,Rien a signaling  cause lelo faux,5,Customer Service Representative,2026-01-27 00:18:51.137000+00:00,REGULAR,True,"Athens, Athens, Attica",,,,,,eng,n/a,0
IBM,354,102473028,Experience,Good salary good commission transportation allowance,"Sme's rudeness and unhelpfullnes, stressfull jop,working hours to match us timing,",3,Customer Service Representative,2026-01-25 23:13:27.480000+00:00,REGULAR,False,"Cairo, Cairo Governorate",2,4,NEGATIVE,2,1,eng,n/a,0
IBM,354,102472941,Don’t bother,Free coffee while on site,Literally anything and everything you can think of,1,Customer Service Representative (CSR),2026-01-25 23:01:59.783000+00:00,REGULAR,False,"Waterloo, ON",,,,,,eng,Do better,0
IBM,354,102472828,Toxic,"Remote, flexible , diversity,good, people","Low pay

High stress

Angry customers

Strict rules

Repetitive work

Burnout risk

Limited growth

Tough schedules

Constant monitoring",2,Specialist,2026-01-25 22:45:11.487000+00:00,PART_TIME,True,"Montreal, QC",1,1,,1,1,eng,n/a,3
IBM,354,102468705,Una buena opción solo para comenzar,Los pagos se hacen a tiempo y son cumplidos con las prestaciones,El trabajo es muy pesado y la paga no es tan buena,3,Customer Service Representative (CSR),2026-01-25 14:01:18.077000+00:00,REGULAR,True,"Colombia, Cundinamarca",,,,,,eng,n/a,0
IBM,354,102466414,Only good for CV,"Stable-ish position, Good as a first interpreting job and they train you before you start.","0 life-work balance, They Pay poorly for what you do. The staff has zero communication among themselves and they have questionable policies.",3,Interpreter,2026-01-25 10:03:26.097000+00:00,REGULAR,True,,3,3,NEGATIVE,2,1,eng,"Improve the communication between team leaders, increase the pay and just in general take more care of your employees.",0
IBM,354,102466222,Review,"Punctual 
salary
International envriroment
14 salaries","Low pay and
Repetitive job",3,Customer Service Representative,2026-01-25 09:43:59.820000+00:00,REGULAR,False,"Thessaloníki, Western Macedonia",,,,,,eng,n/a,0
IBM,354,102465580,Supportive Peers,Teleperformance Good tech support learning.,Sometimes Call pressure builds resilience.,5,Technical Helpdesk,2026-01-25 08:38:25.360000+00:00,REGULAR,True,SAS Nagar,5,5,POSITIVE,5,5,eng,n/a,0
IBM,354,102465450,Consistent Learning,Client handling builds confidence and bond.,High expectations grow communication skills.,5,Client Relations Executive,2026-01-25 08:24:58.433000+00:00,REGULAR,True,Mumbai,5,5,POSITIVE,5,5,eng,n/a,0
IBM,354,102465340,Good Team Environment,Training coordination exposure is helpful.,Tight schedule' s improve organisation.,5,Learning Coordinator,2026-01-25 08:11:31.387000+00:00,REGULAR,True,Bengaluru,5,5,POSITIVE,5,5,eng,n/a,0
IBM,354,102465243,Encouraging Workplace,Tool exposure and workflow clarity.,company System lag improves patience.,5,CRM Executive,2026-01-25 08:00:42.987000+00:00,REGULAR,True,Chennai,5,5,POSITIVE,5,5,eng,n/a,0
IBM,354,102465168,Skill Growth Role,Great Team coordination experience gained.,Good Peak rush builds leadership.,5,Floor Coordinator,2026-01-25 07:52:19.597000+00:00,REGULAR,True,"Gurgaon, Haryana",5,5,POSITIVE,5,,eng,n/a,0
IBM,354,102465122,Nice Office Vibes,Clear QA framework and learning.,Strict checks enhance consistency here.,5,Quality Reviewer,2026-01-25 07:46:56.477000+00:00,REGULAR,True,SAS Nagar,5,5,POSITIVE,5,5,eng,n/a,0
IBM,354,102465051,Healthy Team Culture,Good customer interaction and coaching.,Everytime Target s motivate performance.,5,Customer Success Executive,2026-01-25 07:38:33.787000+00:00,REGULAR,True,"Jaipur, Assam",5,5,POSITIVE,5,5,eng,n/a,0
IBM,354,102464989,Learning Focused Role,Planning exposure is valuable in Teleperformance.,Ofc Shift rotations improve adaptability.,5,Scheduling Analyst,2026-01-25 07:33:22.120000+00:00,REGULAR,True,Bengaluru,5,5,POSITIVE,5,5,eng,n/a,0
IBM,354,102464966,Good Corporate Start,Structured HR processes and teamwork.,Slow approvals teach patience here.,5,HR Operations - Executive,2026-01-25 07:31:21.300000+00:00,REGULAR,True,Indore,5,5,POSITIVE,5,5,eng,n/a,0
IBM,354,102464935,Supportive Work Space,Direct client exposure with support.,some times Pressure builds professionalism .,5,Client Support Associate,2026-01-25 07:28:10.820000+00:00,REGULAR,True,Pune,5,5,POSITIVE,5,5,eng,n/a,0
IBM,354,102464899,Strong Team Bond,Strong reporting tools and guidance.,Detailed reports sharpen accuracy in TP .,5,Reporting Analyst,2026-01-25 07:25:24.433000+00:00,REGULAR,True,Chennai,5,5,POSITIVE,5,5,eng,n/a,0
IBM,354,102464879,Fast Paced Learning,Helpful seniors and tech learning.,Long shifts improve endurance here.,5,Service Desk Analyst,2026-01-25 07:22:56.367000+00:00,REGULAR,True,Vadodara,5,5,POSITIVE,5,5,eng,n/a,0
IBM,354,102464717,Great Team Support,Good forecasting experience in this company.,Busy schedules build strategy thinking.,5,Workforce Planner,2026-01-25 07:02:40.863000+00:00,REGULAR,True,"Āgra, Uttar Pradesh",5,5,POSITIVE,5,5,eng,n/a,0
SAP,10471,102542311,Don't join contract,Ijp Schedule Ot incentives Hike,"Politics, Language preference Break time is 45 minutes",4,Customer Support,2026-01-28 20:59:41.210000+00:00,CONTRACT,True,Marathahalli,4,4,POSITIVE,4,4,eng,Increase 1 hour break to 1 hour 15 minutes,0
SAP,10471,102541104,Fairly good workplace,"Job stability once you get a permanent full-time contract
Reasonable perks
Efficient HR responses
Good facilities",Not too much flexibility with working hours,4,Customer Service Representative,2026-01-28 19:29:30.707000+00:00,REGULAR,True,"Toronto, ON",4,2,POSITIVE,5,2,eng,n/a,0
SAP,10471,102540524,Good,excellent salary for a student for just knowing how to speak english,"depends on the account you are working for 
my account cons were achieving and still getting asked for more and the bad management",4,Customer Service Representative,2026-01-28 18:48:34.713000+00:00,REGULAR,False,"Cairo, Cairo Governorate",,,,,,eng,be easy on your employees,1
SAP,10471,102540082,Its not a bad position,"work from home, good breaks good hours plenty of OT if you want it.","quota set too high, limited timeframes for calls and after calls, not enough suppoer for new agents on the floor, no choice in all the OT or when we do the OT, way too hard to get commission",3,OnStar BBWC Advisor,2026-01-28 18:17:53.777000+00:00,REGULAR,True,"Fort Wayne, IN",1,2,NEGATIVE,3,2,eng,give more options on when mandated OT can be done more help to new agents,1
SAP,10471,102535899,Mis comentarios,Maquina de cafe y aire acondicionado,"Pocos breaks, y maquina esta desabastecida",4,Customer Service Agent,2026-01-28 13:48:20.867000+00:00,REGULAR,True,"Lima, Lima Region",4,4,POSITIVE,4,4,eng,n/a,0
SAP,10471,102535874,La mejor primera experiencia,"Excelente trato a su empleados y horarios flexibles, buenos beneficios.",Si vives un poco lejos puede que sea un poco difícil el tramo para llegar al site pero ya que cuentan con diferentes sedes en la ciudad no sería tan complicado.,5,Customer Service Agent,2026-01-28 13:47:10.337000+00:00,REGULAR,True,"Lima, Lima Region",5,5,POSITIVE,5,5,eng,n/a,0
SAP,10471,102535853,Encuesta,Muy buen ambiente de trabajo!,El aire acondicionado a veces es muy frío,5,Agent,2026-01-28 13:46:36.177000+00:00,REGULAR,True,"Lima, Lima Region",5,5,POSITIVE,5,5,eng,n/a,0
SAP,10471,102535837,Experience,"Best place to work, good environment",El Aire acondicionado muy fuerte,5,Customer Service Agent,2026-01-28 13:45:56.243000+00:00,REGULAR,True,"Lima, Lima Region",5,5,POSITIVE,5,5,eng,Es bueno por ahora,0
SAP,10471,102535835,Review,"Planilla
Seguro
Aprendes sobre otras culturas y aumentas tu vocabulario","No hay restaurante 
Está un poco lejos de mi casa 😔",5,Agent,2026-01-28 13:45:50.027000+00:00,REGULAR,True,"Lima, Lima Region",5,5,POSITIVE,5,5,eng,Implementen un restaurante (no tan caro porfa) una alianza con Sodexo o algo así,0
SAP,10471,102535810,Agents Experience,"Nice trainers, air condirtioning, nice coworkers and amazing security",Away from home and university,5,Agent,2026-01-28 13:44:50.863000+00:00,REGULAR,True,"Lima, Lima Region",5,5,POSITIVE,5,5,eng,n/a,0
SAP,10471,102535685,Bueno,"Buen ambiente laboral 
Buenas campañas
Pagan a tiempo",Campañas con bonos prometidos difícil casi imposible de alcanzar,2,Agent,2026-01-28 13:38:52.873000+00:00,REGULAR,True,"Lima, Lima Region",2,2,POSITIVE,2,1,eng,Nada,0
SAP,10471,102535430,And environment that encourages friendship,"As far as my personal experience, the people are nice. The whole training process was a good experience that combined new friendships and knowledge.",Probably the work hours are a bit longer than I'd like.,4,Operations Costumer Expert I,2026-01-28 13:26:00.747000+00:00,REGULAR,True,"Lima, Lima Region",3,4,POSITIVE,4,4,eng,-,0
SAP,10471,102535290,Survey,"Flexible hours
Good benefits
Good work environment","Small premises
Too much traffic to get here
No areas for resting",5,Customer Service Representative,2026-01-28 13:19:02.217000+00:00,REGULAR,True,"Lima, Lima Region",5,5,POSITIVE,5,5,eng,n/a,0
SAP,10471,102535215,Great place to work .,"Good benefits
Good Work environment","Location
Location
Location 
Location
Location",5,agente callcenter,2026-01-28 13:16:16.137000+00:00,REGULAR,True,"Lima, Lima Region",4,4,POSITIVE,4,4,eng,n/a,0
SAP,10471,102535204,"Buena flexibilidad horaria, mala gestión de personal.","Flexibilidad horaria con estudios
Beneficios diversos
Ubicación céntrica","Mala gestión de personal
Desconexión forzada del exterior
Alta rotación de staff",5,Agent,2026-01-28 13:15:28.360000+00:00,REGULAR,True,"Lima, Lima Region",4,4,POSITIVE,3,2,eng,"Sueldos más competitivos, métricas más claras, mejor gestión de agentes.",0
SAP,10471,102533740,Great place to work,"Buena empresa para trabajar, flexibles",Algo apartado el lugar de trabajo,5,Content Moderator,2026-01-28 12:07:44.213000+00:00,REGULAR,True,"Bogotá, Bogota",,5,,5,4,eng,n/a,0
SAP,10471,102533647,Emotions and Experience Activity,Fue una actividad muy dinámica y divertida que ayuda a salir de la monotonía y recargar energías para continuar,No veo ningún contra en la actividad,5,Content Moderator,2026-01-28 12:04:14.503000+00:00,REGULAR,True,"Bogotá, Bogota",5,5,POSITIVE,5,5,eng,"No hay ninguno, la actividad fue muy completa",0
SAP,10471,102533622,Buen ambiente laboral,"La empresa cuenta con un buen ambiente laboral, diversas actividades y apoyos.",Dan poco tiempo de break.,5,Operations Customer Expert 1,2026-01-28 12:03:08.967000+00:00,REGULAR,True,"Bogotá, Bogota",4,5,POSITIVE,5,4,eng,Mejorar un poco el tiempo de descanso.,0
SAP,10471,102533610,Excelente,Un excelente ambiente laboral que se preocupa por sus empleados,Más dinamismo respecto a la elección de horarios,5,Content Moderator,2026-01-28 12:02:18.947000+00:00,REGULAR,True,"Bogotá, Bogota",5,5,POSITIVE,5,5,eng,No reducir beneficios para los empleados,0
SAP,10471,102533605,Good laboral environment,Good place to work 👍🏽,"Anything, everything is ok and cool",5,Content Moderator,2026-01-28 12:02:04.830000+00:00,REGULAR,True,"Bogotá, Bogota",5,5,POSITIVE,5,5,eng,n/a,0
SAP,10471,102533578,Excelente ambiente laboral,Las actividades a realizar considero son adecuadas para mantener un espacio laboral sano y activo.,Las actividades podrían incluir el ámbito conversacional para fortalecer el juego y la dinámica.,5,Content Moderator,2026-01-28 12:01:06.477000+00:00,REGULAR,True,"Bogotá, Bogota",5,4,POSITIVE,5,5,eng,Sugiero dedicar un espacio un poco más prolongado para este tipo de dinámicas.,0
SAP,10471,102533570,Tp sup review,"You have excellent benefits as worker in Tp, the work environment is great, the payment is puntual and nice.",Some of the benefits are not working currently.,4,Supervisor,2026-01-28 12:00:38.567000+00:00,CONTRACT,True,"Bogota, Cundinamarca",4,5,POSITIVE,4,3,eng,n/a,0
SAP,10471,102533546,Good laboral enviroment,Pretty good enviroment and people,"Everything was awesome, nothing to complaint",5,,2026-01-28 11:59:41.583000+00:00,REGULAR,True,,5,5,POSITIVE,5,5,eng,No,0
SAP,10471,102533540,Buen ambiente laboral,"Lindas instalaciones y excelente ambiente, muy tranquilo y cómodo",Cómo sugerencia me gustaría más conversación,4,Content Moderator,2026-01-28 11:59:21.727000+00:00,REGULAR,True,,,,,,,eng,n/a,0
SAP,10471,102533529,Great and funny time at work,It's great to have fun at work and know coworkers that can become great friends,There are any cons for this,5,Content Moderator,2026-01-28 11:59:12.573000+00:00,REGULAR,True,"Bogotá, Bogota",5,5,POSITIVE,5,5,eng,Any,0
SAP,10471,102527713,Great if you need just anything and fast,The timeline from applying to getting hired was really fast. The interview was one of the easiest I've experienced as there were no real interview questions. I was only asked about my internet at home and when I could start.,"The company is very disorganized, the training is not as in depth as it should be, and the management team is horrible. There is no communication and they have a fake ""open-door"" policy. The pay is minimum and they try to force you into promotions w/o pay increases.",2,,2026-01-28 07:45:11.813000+00:00,REGULAR,False,,,,,,,eng,n/a,0
SAP,10471,102521047,Feedback,Good environment and echo friendly,"So far my first day, everything was smooth",4,Customer Service Representative (CSR),2026-01-28 01:08:25.723000+00:00,REGULAR,True,,4,4,POSITIVE,4,4,eng,n/a,0
SAP,10471,102515491,Terrible job,"Good training program and instructors,",Terrible work environment. Will let you go for not making sales.,1,,2026-01-27 17:26:22.707000+00:00,REGULAR,False,,,,,,,eng,n/a,0
SAP,10471,102512762,Great Oppurtunity,"Flexible schedule, opportunity to advance, work from home environment.",I would really appreciate more competitive wages.,3,Desktop Support Technician,2026-01-27 14:17:45.170000+00:00,REGULAR,True,"El Paso, TX",,,,,,eng,Consider the workload of a position when considering the pay rate.,0
SAP,10471,102511558,Working at TP,"Guarantee 40 hours
Working environment is great","Not enough OT, but still a great job place to work.",5,Desktop and Site Support Technician II,2026-01-27 13:11:55.100000+00:00,REGULAR,True,"Warren, MI",5,4,POSITIVE,5,5,eng,Keep up with the great work that you do.,0
SAP,10471,102508846,Good starting point,Good work life balance and work hours,Lots of micromanaging with unrealistic expectations and targets,2,Digital Marketing Specialist,2026-01-27 10:58:46.277000+00:00,REGULAR,True,"Toronto, ON",1,1,NEGATIVE,1,5,eng,n/a,0
SAP,10471,102507942,Buena empresa y rápida para los procesos,"- Mi campaña ofrecia un entrenamiento preciso y muy práctico
- Los entrenadores muy comprensivos y serviciales
- El pequeño espacio de adaptación a operaciones fue muy útil","- La campaña presenta un alto flujo de llamadas que pueden durar hasta dos horas cada una
- No se puede colgar las llamadas antes de que el cliente acabe el servicio, por lo que la mayoría de días debí hacer tiempo extra",4,Interpretor,2026-01-27 10:21:46.190000+00:00,PART_TIME,False,"Cali, Valle del Cauca",,,,,,eng,n/a,0
SAP,10471,102507708,trash,they pay good &amp; have daily pay. training is paid as well,they will fire you without notice or reason,1,Field Representative,2026-01-27 10:12:24.713000+00:00,TEMPORARY,False,"Lakeland Highlands, FL",1,4,,1,1,eng,n/a,0
SAP,10471,102506279,Ventas,"Me gusta el espacio, el ambiente de trabajo y la metodología de pago",La variación entre campañas no te garantiza un empleo cuando te interesa permanecer durante mucho tiempo.,5,Operations Customer Expert I,2026-01-27 09:13:34.663000+00:00,REGULAR,True,"Bogotá, Bogota",5,5,POSITIVE,5,5,eng,n/a,0
SAP,10471,102505396,Info,El crecimiento que permite en la empresa,Que falta fortalecer varios proyectos,4,Administrator,2026-01-27 08:39:01.610000+00:00,CONTRACT,True,"Bogotá, Bogota",4,4,POSITIVE,4,4,eng,Implementar mas procesos,0
SAP,10471,102505362,Buen trabajo,Es una compañía que brinda estabilidad a las personas,El acceso a los ascensores son tediosos,5,Customer Service Representative,2026-01-27 08:37:52.580000+00:00,REGULAR,True,"Bogotá, Bogota",4,4,POSITIVE,4,4,eng,Hacer más actividades lúdicas,0
SAP,10471,102505341,Espacios cómodos,Buenos espacios y oportunidades para primer empleo.,"Algunos horarios, bajos salarios que manejan algunas campañas",4,Costumer Service,2026-01-27 08:37:22.907000+00:00,REGULAR,True,"Bogotá, Bogota",4,4,POSITIVE,3,3,eng,Manejar la parte de los salarios para las campañas bilingües,0
SAP,10471,102504051,No thinking Human,"Free coffee machine, well structured training program","No thinking in their employees as human, do not take care of their talent like if they could have so much interested people in line",2,Customer Service Representative,2026-01-27 07:42:55.077000+00:00,REGULAR,False,"Bogotá, Bogota",1,4,NEGATIVE,1,2,eng,"Understanding how humans works, why the dissconection moments are importante, 30 min lunch for a place with ovens and lockers away from workplace is not friendly",0
SAP,10471,102501869,Overall good,Good career progression with clear targets,"Not many cons, high turnover",4,Technical Support - Genius Bar,2026-01-27 06:07:56.607000+00:00,REGULAR,False,"San Jose, San Jose",,,,,,eng,n/a,0
SAP,10471,102495677,Worst place,Yes no and sometimes yes,Rien a signaling  cause lelo faux,5,Customer Service Representative,2026-01-27 00:18:51.137000+00:00,REGULAR,True,"Athens, Athens, Attica",,,,,,eng,n/a,0
SAP,10471,102495677,Worst place,Yes no and sometimes yes,Rien a signaling  cause lelo faux,5,Customer Service Representative,2026-01-27 00:18:51.137000+00:00,REGULAR,True,"Athens, Athens, Attica",,,,,,eng,n/a,0
SAP,10471,102473028,Experience,Good salary good commission transportation allowance,"Sme's rudeness and unhelpfullnes, stressfull jop,working hours to match us timing,",3,Customer Service Representative,2026-01-25 23:13:27.480000+00:00,REGULAR,False,"Cairo, Cairo Governorate",2,4,NEGATIVE,2,1,eng,n/a,0
SAP,10471,102472941,Don’t bother,Free coffee while on site,Literally anything and everything you can think of,1,Customer Service Representative (CSR),2026-01-25 23:01:59.783000+00:00,REGULAR,False,"Waterloo, ON",,,,,,eng,Do better,0
SAP,10471,102472828,Toxic,"Remote, flexible , diversity,good, people","Low pay

High stress

Angry customers

Strict rules

Repetitive work

Burnout risk

Limited growth

Tough schedules

Constant monitoring",2,Specialist,2026-01-25 22:45:11.487000+00:00,PART_TIME,True,"Montreal, QC",1,1,,1,1,eng,n/a,3
SAP,10471,102468705,Una buena opción solo para comenzar,Los pagos se hacen a tiempo y son cumplidos con las prestaciones,El trabajo es muy pesado y la paga no es tan buena,3,Customer Service Representative (CSR),2026-01-25 14:01:18.077000+00:00,REGULAR,True,"Colombia, Cundinamarca",,,,,,eng,n/a,0
SAP,10471,102466414,Only good for CV,"Stable-ish position, Good as a first interpreting job and they train you before you start.","0 life-work balance, They Pay poorly for what you do. The staff has zero communication among themselves and they have questionable policies.",3,Interpreter,2026-01-25 10:03:26.097000+00:00,REGULAR,True,,3,3,NEGATIVE,2,1,eng,"Improve the communication between team leaders, increase the pay and just in general take more care of your employees.",0
SAP,10471,102466222,Review,"Punctual 
salary
International envriroment
14 salaries","Low pay and
Repetitive job",3,Customer Service Representative,2026-01-25 09:43:59.820000+00:00,REGULAR,False,"Thessaloníki, Western Macedonia",,,,,,eng,n/a,0
SAP,10471,102465580,Supportive Peers,Teleperformance Good tech support learning.,Sometimes Call pressure builds resilience.,5,Technical Helpdesk,2026-01-25 08:38:25.360000+00:00,REGULAR,True,SAS Nagar,5,5,POSITIVE,5,5,eng,n/a,0
SAP,10471,102465450,Consistent Learning,Client handling builds confidence and bond.,High expectations grow communication skills.,5,Client Relations Executive,2026-01-25 08:24:58.433000+00:00,REGULAR,True,Mumbai,5,5,POSITIVE,5,5,eng,n/a,0
SAP,10471,102465340,Good Team Environment,Training coordination exposure is helpful.,Tight schedule' s improve organisation.,5,Learning Coordinator,2026-01-25 08:11:31.387000+00:00,REGULAR,True,Bengaluru,5,5,POSITIVE,5,5,eng,n/a,0
SAP,10471,102465243,Encouraging Workplace,Tool exposure and workflow clarity.,company System lag improves patience.,5,CRM Executive,2026-01-25 08:00:42.987000+00:00,REGULAR,True,Chennai,5,5,POSITIVE,5,5,eng,n/a,0
SAP,10471,102465168,Skill Growth Role,Great Team coordination experience gained.,Good Peak rush builds leadership.,5,Floor Coordinator,2026-01-25 07:52:19.597000+00:00,REGULAR,True,"Gurgaon, Haryana",5,5,POSITIVE,5,,eng,n/a,0
SAP,10471,102465122,Nice Office Vibes,Clear QA framework and learning.,Strict checks enhance consistency here.,5,Quality Reviewer,2026-01-25 07:46:56.477000+00:00,REGULAR,True,SAS Nagar,5,5,POSITIVE,5,5,eng,n/a,0
SAP,10471,102465051,Healthy Team Culture,Good customer interaction and coaching.,Everytime Target s motivate performance.,5,Customer Success Executive,2026-01-25 07:38:33.787000+00:00,REGULAR,True,"Jaipur, Assam",5,5,POSITIVE,5,5,eng,n/a,0
SAP,10471,102464989,Learning Focused Role,Planning exposure is valuable in Teleperformance.,Ofc Shift rotations improve adaptability.,5,Scheduling Analyst,2026-01-25 07:33:22.120000+00:00,REGULAR,True,Bengaluru,5,5,POSITIVE,5,5,eng,n/a,0
SAP,10471,102464966,Good Corporate Start,Structured HR processes and teamwork.,Slow approvals teach patience here.,5,HR Operations - Executive,2026-01-25 07:31:21.300000+00:00,REGULAR,True,Indore,5,5,POSITIVE,5,5,eng,n/a,0
SAP,10471,102464935,Supportive Work Space,Direct client exposure with support.,some times Pressure builds professionalism .,5,Client Support Associate,2026-01-25 07:28:10.820000+00:00,REGULAR,True,Pune,5,5,POSITIVE,5,5,eng,n/a,0
SAP,10471,102464899,Strong Team Bond,Strong reporting tools and guidance.,Detailed reports sharpen accuracy in TP .,5,Reporting Analyst,2026-01-25 07:25:24.433000+00:00,REGULAR,True,Chennai,5,5,POSITIVE,5,5,eng,n/a,0
SAP,10471,102464879,Fast Paced Learning,Helpful seniors and tech learning.,Long shifts improve endurance here.,5,Service Desk Analyst,2026-01-25 07:22:56.367000+00:00,REGULAR,True,Vadodara,5,5,POSITIVE,5,5,eng,n/a,0
SAP,10471,102464717,Great Team Support,Good forecasting experience in this company.,Busy schedules build strategy thinking.,5,Workforce Planner,2026-01-25 07:02:40.863000+00:00,REGULAR,True,"Āgra, Uttar Pradesh",5,5,POSITIVE,5,5,eng,n/a,0
SAP,10471,102464935,Supportive Work Space,Direct client exposure with support.,some times Pressure builds professionalism .,5,Client Support Associate,2026-01-25 07:28:10.820000+00:00,REGULAR,True,Pune,5,5,POSITIVE,5,5,eng,n/a,0
SAP,10471,102464899,Strong Team Bond,Strong reporting tools and guidance.,Detailed reports sharpen accuracy in TP .,5,Reporting Analyst,2026-01-25 07:25:24.433000+00:00,REGULAR,True,Chennai,5,5,POSITIVE,5,5,eng,n/a,0
SAP,10471,102464879,Fast Paced Learning,Helpful seniors and tech learning.,Long shifts improve endurance here.,5,Service Desk Analyst,2026-01-25 07:22:56.367000+00:00,REGULAR,True,Vadodara,5,5,POSITIVE,5,5,eng,n/a,0
SAP,10471,102464717,Great Team Support,Good forecasting experience in this company.,Busy schedules build strategy thinking.,5,Workforce Planner,2026-01-25 07:02:40.863000+00:00,REGULAR,True,"Āgra, Uttar Pradesh",5,5,POSITIVE,5,5,eng,n/a,0
SAP,10471,102464707,Solid Experience,Clear quality standards and learning opportunities.,"Reviews are strict, but improve performance.",5,Quality Analyst,2026-01-25 07:01:54.377000+00:00,REGULAR,True,Calcutta,5,5,POSITIVE,,5,eng,n/a,0
SAP,10471,102464641,Friendly Workplace,Great leadership exposure and strong team bonding.,"Workload rises, yet builds management skills.",5,Team Leader,2026-01-25 06:55:33.697000+00:00,REGULAR,True,Noida,5,5,POSITIVE,5,5,eng,n/a,0
SAP,10471,102464629,Structured Learning,Organised work culture and helpful peers.,Paperwork teaches process flow here .,5,Admin Executive,2026-01-25 06:54:19.167000+00:00,REGULAR,True,SAS Nagar,5,5,POSITIVE,5,5,eng,n/a,0
SAP,10471,102464607,Good Career Start,Nice workplace culture and cooperative staff. HR tools are decent.,"Approvals take time, but processes are structured.",5,HR-Executive,2026-01-25 06:51:38.990000+00:00,REGULAR,True,"Jaipur, Rajasthan",5,5,POSITIVE,5,,eng,n/a,0
SAP,10471,102464565,Good Choice,"People nice, work interesting, happy here.",Busy days feel tiring .,5,Customer Support Associate,2026-01-25 06:46:22.880000+00:00,REGULAR,True,Noida,5,5,POSITIVE,,,eng,n/a,0
SAP,10471,102464533,Career Path,Hard work leads to promotion chances.,Promotion takes time but fair.,5,Team Leader Operations,2026-01-25 06:42:55.130000+00:00,REGULAR,True,"Gurgaon, Haryana",5,5,POSITIVE,5,,eng,n/a,0
TP,9779,102542311,Don't join contract,Ijp Schedule Ot incentives Hike,"Politics, Language preference Break time is 45 minutes",4,Customer Support,2026-01-28 20:59:41.210000+00:00,CONTRACT,True,Marathahalli,4,4,POSITIVE,4,4,eng,Increase 1 hour break to 1 hour 15 minutes,0
TP,9779,102541104,Fairly good workplace,"Job stability once you get a permanent full-time contract
Reasonable perks
Efficient HR responses
Good facilities",Not too much flexibility with working hours,4,Customer Service Representative,2026-01-28 19:29:30.707000+00:00,REGULAR,True,"Toronto, ON",4,2,POSITIVE,5,2,eng,n/a,0
TP,9779,102540524,Good,excellent salary for a student for just knowing how to speak english,"depends on the account you are working for 
my account cons were achieving and still getting asked for more and the bad management",4,Customer Service Representative,2026-01-28 18:48:34.713000+00:00,REGULAR,False,"Cairo, Cairo Governorate",,,,,,eng,be easy on your employees,1
TP,9779,102540082,Its not a bad position,"work from home, good breaks good hours plenty of OT if you want it.","quota set too high, limited timeframes for calls and after calls, not enough suppoer for new agents on the floor, no choice in all the OT or when we do the OT, way too hard to get commission",3,OnStar BBWC Advisor,2026-01-28 18:17:53.777000+00:00,REGULAR,True,"Fort Wayne, IN",1,2,NEGATIVE,3,2,eng,give more options on when mandated OT can be done more help to new agents,1
TP,9779,102535899,Mis comentarios,Maquina de cafe y aire acondicionado,"Pocos breaks, y maquina esta desabastecida",4,Customer Service Agent,2026-01-28 13:48:20.867000+00:00,REGULAR,True,"Lima, Lima Region",4,4,POSITIVE,4,4,eng,n/a,0
TP,9779,102535874,La mejor primera experiencia,"Excelente trato a su empleados y horarios flexibles, buenos beneficios.",Si vives un poco lejos puede que sea un poco difícil el tramo para llegar al site pero ya que cuentan con diferentes sedes en la ciudad no sería tan complicado.,5,Customer Service Agent,2026-01-28 13:47:10.337000+00:00,REGULAR,True,"Lima, Lima Region",5,5,POSITIVE,5,5,eng,n/a,0
TP,9779,102535853,Encuesta,Muy buen ambiente de trabajo!,El aire acondicionado a veces es muy frío,5,Agent,2026-01-28 13:46:36.177000+00:00,REGULAR,True,"Lima, Lima Region",5,5,POSITIVE,5,5,eng,n/a,0
TP,9779,102535837,Experience,"Best place to work, good environment",El Aire acondicionado muy fuerte,5,Customer Service Agent,2026-01-28 13:45:56.243000+00:00,REGULAR,True,"Lima, Lima Region",5,5,POSITIVE,5,5,eng,Es bueno por ahora,0
TP,9779,102535835,Review,"Planilla
Seguro
Aprendes sobre otras culturas y aumentas tu vocabulario","No hay restaurante 
Está un poco lejos de mi casa 😔",5,Agent,2026-01-28 13:45:50.027000+00:00,REGULAR,True,"Lima, Lima Region",5,5,POSITIVE,5,5,eng,Implementen un restaurante (no tan caro porfa) una alianza con Sodexo o algo así,0
TP,9779,102535810,Agents Experience,"Nice trainers, air condirtioning, nice coworkers and amazing security",Away from home and university,5,Agent,2026-01-28 13:44:50.863000+00:00,REGULAR,True,"Lima, Lima Region",5,5,POSITIVE,5,5,eng,n/a,0
TP,9779,102535685,Bueno,"Buen ambiente laboral 
Buenas campañas
Pagan a tiempo",Campañas con bonos prometidos difícil casi imposible de alcanzar,2,Agent,2026-01-28 13:38:52.873000+00:00,REGULAR,True,"Lima, Lima Region",2,2,POSITIVE,2,1,eng,Nada,0
TP,9779,102535430,And environment that encourages friendship,"As far as my personal experience, the people are nice. The whole training process was a good experience that combined new friendships and knowledge.",Probably the work hours are a bit longer than I'd like.,4,Operations Costumer Expert I,2026-01-28 13:26:00.747000+00:00,REGULAR,True,"Lima, Lima Region",3,4,POSITIVE,4,4,eng,-,0
TP,9779,102535290,Survey,"Flexible hours
Good benefits
Good work environment","Small premises
Too much traffic to get here
No areas for resting",5,Customer Service Representative,2026-01-28 13:19:02.217000+00:00,REGULAR,True,"Lima, Lima Region",5,5,POSITIVE,5,5,eng,n/a,0
TP,9779,102535215,Great place to work .,"Good benefits
Good Work environment","Location
Location
Location 
Location
Location",5,agente callcenter,2026-01-28 13:16:16.137000+00:00,REGULAR,True,"Lima, Lima Region",4,4,POSITIVE,4,4,eng,n/a,0
TP,9779,102535204,"Buena flexibilidad horaria, mala gestión de personal.","Flexibilidad horaria con estudios
Beneficios diversos
Ubicación céntrica","Mala gestión de personal
Desconexión forzada del exterior
Alta rotación de staff",5,Agent,2026-01-28 13:15:28.360000+00:00,REGULAR,True,"Lima, Lima Region",4,4,POSITIVE,3,2,eng,"Sueldos más competitivos, métricas más claras, mejor gestión de agentes.",0
TP,9779,102533740,Great place to work,"Buena empresa para trabajar, flexibles",Algo apartado el lugar de trabajo,5,Content Moderator,2026-01-28 12:07:44.213000+00:00,REGULAR,True,"Bogotá, Bogota",,5,,5,4,eng,n/a,0
TP,9779,102533647,Emotions and Experience Activity,Fue una actividad muy dinámica y divertida que ayuda a salir de la monotonía y recargar energías para continuar,No veo ningún contra en la actividad,5,Content Moderator,2026-01-28 12:04:14.503000+00:00,REGULAR,True,"Bogotá, Bogota",5,5,POSITIVE,5,5,eng,"No hay ninguno, la actividad fue muy completa",0
TP,9779,102533622,Buen ambiente laboral,"La empresa cuenta con un buen ambiente laboral, diversas actividades y apoyos.",Dan poco tiempo de break.,5,Operations Customer Expert 1,2026-01-28 12:03:08.967000+00:00,REGULAR,True,"Bogotá, Bogota",4,5,POSITIVE,5,4,eng,Mejorar un poco el tiempo de descanso.,0
TP,9779,102533610,Excelente,Un excelente ambiente laboral que se preocupa por sus empleados,Más dinamismo respecto a la elección de horarios,5,Content Moderator,2026-01-28 12:02:18.947000+00:00,REGULAR,True,"Bogotá, Bogota",5,5,POSITIVE,5,5,eng,No reducir beneficios para los empleados,0
TP,9779,102533605,Good laboral environment,Good place to work 👍🏽,"Anything, everything is ok and cool",5,Content Moderator,2026-01-28 12:02:04.830000+00:00,REGULAR,True,"Bogotá, Bogota",5,5,POSITIVE,5,5,eng,n/a,0
TP,9779,102533578,Excelente ambiente laboral,Las actividades a realizar considero son adecuadas para mantener un espacio laboral sano y activo.,Las actividades podrían incluir el ámbito conversacional para fortalecer el juego y la dinámica.,5,Content Moderator,2026-01-28 12:01:06.477000+00:00,REGULAR,True,"Bogotá, Bogota",5,4,POSITIVE,5,5,eng,Sugiero dedicar un espacio un poco más prolongado para este tipo de dinámicas.,0
TP,9779,102533570,Tp sup review,"You have excellent benefits as worker in Tp, the work environment is great, the payment is puntual and nice.",Some of the benefits are not working currently.,4,Supervisor,2026-01-28 12:00:38.567000+00:00,CONTRACT,True,"Bogota, Cundinamarca",4,5,POSITIVE,4,3,eng,n/a,0
TP,9779,102533546,Good laboral enviroment,Pretty good enviroment and people,"Everything was awesome, nothing to complaint",5,,2026-01-28 11:59:41.583000+00:00,REGULAR,True,,5,5,POSITIVE,5,5,eng,No,0
TP,9779,102533540,Buen ambiente laboral,"Lindas instalaciones y excelente ambiente, muy tranquilo y cómodo",Cómo sugerencia me gustaría más conversación,4,Content Moderator,2026-01-28 11:59:21.727000+00:00,REGULAR,True,,,,,,,eng,n/a,0
TP,9779,102533529,Great and funny time at work,It's great to have fun at work and know coworkers that can become great friends,There are any cons for this,5,Content Moderator,2026-01-28 11:59:12.573000+00:00,REGULAR,True,"Bogotá, Bogota",5,5,POSITIVE,5,5,eng,Any,0
TP,9779,102527713,Great if you need just anything and fast,The timeline from applying to getting hired was really fast. The interview was one of the easiest I've experienced as there were no real interview questions. I was only asked about my internet at home and when I could start.,"The company is very disorganized, the training is not as in depth as it should be, and the management team is horrible. There is no communication and they have a fake ""open-door"" policy. The pay is minimum and they try to force you into promotions w/o pay increases.",2,,2026-01-28 07:45:11.813000+00:00,REGULAR,False,,,,,,,eng,n/a,0
TP,9779,102521047,Feedback,Good environment and echo friendly,"So far my first day, everything was smooth",4,Customer Service Representative (CSR),2026-01-28 01:08:25.723000+00:00,REGULAR,True,,4,4,POSITIVE,4,4,eng,n/a,0
TP,9779,102515491,Terrible job,"Good training program and instructors,",Terrible work environment. Will let you go for not making sales.,1,,2026-01-27 17:26:22.707000+00:00,REGULAR,False,,,,,,,eng,n/a,0
TP,9779,102512762,Great Oppurtunity,"Flexible schedule, opportunity to advance, work from home environment.",I would really appreciate more competitive wages.,3,Desktop Support Technician,2026-01-27 14:17:45.170000+00:00,REGULAR,True,"El Paso, TX",,,,,,eng,Consider the workload of a position when considering the pay rate.,0
TP,9779,102511558,Working at TP,"Guarantee 40 hours
Working environment is great","Not enough OT, but still a great job place to work.",5,Desktop and Site Support Technician II,2026-01-27 13:11:55.100000+00:00,REGULAR,True,"Warren, MI",5,4,POSITIVE,5,5,eng,Keep up with the great work that you do.,0
TP,9779,102508846,Good starting point,Good work life balance and work hours,Lots of micromanaging with unrealistic expectations and targets,2,Digital Marketing Specialist,2026-01-27 10:58:46.277000+00:00,REGULAR,True,"Toronto, ON",1,1,NEGATIVE,1,5,eng,n/a,0
TP,9779,102507942,Buena empresa y rápida para los procesos,"- Mi campaña ofrecia un entrenamiento preciso y muy práctico
- Los entrenadores muy comprensivos y serviciales
- El pequeño espacio de adaptación a operaciones fue muy útil","- La campaña presenta un alto flujo de llamadas que pueden durar hasta dos horas cada una
- No se puede colgar las llamadas antes de que el cliente acabe el servicio, por lo que la mayoría de días debí hacer tiempo extra",4,Interpretor,2026-01-27 10:21:46.190000+00:00,PART_TIME,False,"Cali, Valle del Cauca",,,,,,eng,n/a,0
TP,9779,102507708,trash,they pay good &amp; have daily pay. training is paid as well,they will fire you without notice or reason,1,Field Representative,2026-01-27 10:12:24.713000+00:00,TEMPORARY,False,"Lakeland Highlands, FL",1,4,,1,1,eng,n/a,0
TP,9779,102506279,Ventas,"Me gusta el espacio, el ambiente de trabajo y la metodología de pago",La variación entre campañas no te garantiza un empleo cuando te interesa permanecer durante mucho tiempo.,5,Operations Customer Expert I,2026-01-27 09:13:34.663000+00:00,REGULAR,True,"Bogotá, Bogota",5,5,POSITIVE,5,5,eng,n/a,0
TP,9779,102505396,Info,El crecimiento que permite en la empresa,Que falta fortalecer varios proyectos,4,Administrator,2026-01-27 08:39:01.610000+00:00,CONTRACT,True,"Bogotá, Bogota",4,4,POSITIVE,4,4,eng,Implementar mas procesos,0
TP,9779,102505362,Buen trabajo,Es una compañía que brinda estabilidad a las personas,El acceso a los ascensores son tediosos,5,Customer Service Representative,2026-01-27 08:37:52.580000+00:00,REGULAR,True,"Bogotá, Bogota",4,4,POSITIVE,4,4,eng,Hacer más actividades lúdicas,0
TP,9779,102505341,Espacios cómodos,Buenos espacios y oportunidades para primer empleo.,"Algunos horarios, bajos salarios que manejan algunas campañas",4,Costumer Service,2026-01-27 08:37:22.907000+00:00,REGULAR,True,"Bogotá, Bogota",4,4,POSITIVE,3,3,eng,Manejar la parte de los salarios para las campañas bilingües,0
TP,9779,102504051,No thinking Human,"Free coffee machine, well structured training program","No thinking in their employees as human, do not take care of their talent like if they could have so much interested people in line",2,Customer Service Representative,2026-01-27 07:42:55.077000+00:00,REGULAR,False,"Bogotá, Bogota",1,4,NEGATIVE,1,2,eng,"Understanding how humans works, why the dissconection moments are importante, 30 min lunch for a place with ovens and lockers away from workplace is not friendly",0
TP,9779,102501869,Overall good,Good career progression with clear targets,"Not many cons, high turnover",4,Technical Support - Genius Bar,2026-01-27 06:07:56.607000+00:00,REGULAR,False,"San Jose, San Jose",,,,,,eng,n/a,0
TP,9779,102495677,Worst place,Yes no and sometimes yes,Rien a signaling  cause lelo faux,5,Customer Service Representative,2026-01-27 00:18:51.137000+00:00,REGULAR,True,"Athens, Athens, Attica",,,,,,eng,n/a,0
TP,9779,102495677,Worst place,Yes no and sometimes yes,Rien a signaling  cause lelo faux,5,Customer Service Representative,2026-01-27 00:18:51.137000+00:00,REGULAR,True,"Athens, Athens, Attica",,,,,,eng,n/a,0
TP,9779,102473028,Experience,Good salary good commission transportation allowance,"Sme's rudeness and unhelpfullnes, stressfull jop,working hours to match us timing,",3,Customer Service Representative,2026-01-25 23:13:27.480000+00:00,REGULAR,False,"Cairo, Cairo Governorate",2,4,NEGATIVE,2,1,eng,n/a,0
TP,9779,102472941,Don’t bother,Free coffee while on site,Literally anything and everything you can think of,1,Customer Service Representative (CSR),2026-01-25 23:01:59.783000+00:00,REGULAR,False,"Waterloo, ON",,,,,,eng,Do better,0
TP,9779,102472828,Toxic,"Remote, flexible , diversity,good, people","Low pay

High stress

Angry customers

Strict rules

Repetitive work

Burnout risk

Limited growth

Tough schedules

Constant monitoring",2,Specialist,2026-01-25 22:45:11.487000+00:00,PART_TIME,True,"Montreal, QC",1,1,,1,1,eng,n/a,3
TP,9779,102468705,Una buena opción solo para comenzar,Los pagos se hacen a tiempo y son cumplidos con las prestaciones,El trabajo es muy pesado y la paga no es tan buena,3,Customer Service Representative (CSR),2026-01-25 14:01:18.077000+00:00,REGULAR,True,"Colombia, Cundinamarca",,,,,,eng,n/a,0
TP,9779,102466414,Only good for CV,"Stable-ish position, Good as a first interpreting job and they train you before you start.","0 life-work balance, They Pay poorly for what you do. The staff has zero communication among themselves and they have questionable policies.",3,Interpreter,2026-01-25 10:03:26.097000+00:00,REGULAR,True,,3,3,NEGATIVE,2,1,eng,"Improve the communication between team leaders, increase the pay and just in general take more care of your employees.",0
TP,9779,102466222,Review,"Punctual 
salary
International envriroment
14 salaries","Low pay and
Repetitive job",3,Customer Service Representative,2026-01-25 09:43:59.820000+00:00,REGULAR,False,"Thessaloníki, Western Macedonia",,,,,,eng,n/a,0
TP,9779,102465580,Supportive Peers,Teleperformance Good tech support learning.,Sometimes Call pressure builds resilience.,5,Technical Helpdesk,2026-01-25 08:38:25.360000+00:00,REGULAR,True,SAS Nagar,5,5,POSITIVE,5,5,eng,n/a,0
TP,9779,102465450,Consistent Learning,Client handling builds confidence and bond.,High expectations grow communication skills.,5,Client Relations Executive,2026-01-25 08:24:58.433000+00:00,REGULAR,True,Mumbai,5,5,POSITIVE,5,5,eng,n/a,0
TP,9779,102465340,Good Team Environment,Training coordination exposure is helpful.,Tight schedule' s improve organisation.,5,Learning Coordinator,2026-01-25 08:11:31.387000+00:00,REGULAR,True,Bengaluru,5,5,POSITIVE,5,5,eng,n/a,0
TP,9779,102465243,Encouraging Workplace,Tool exposure and workflow clarity.,company System lag improves patience.,5,CRM Executive,2026-01-25 08:00:42.987000+00:00,REGULAR,True,Chennai,5,5,POSITIVE,5,5,eng,n/a,0
TP,9779,102465168,Skill Growth Role,Great Team coordination experience gained.,Good Peak rush builds leadership.,5,Floor Coordinator,2026-01-25 07:52:19.597000+00:00,REGULAR,True,"Gurgaon, Haryana",5,5,POSITIVE,5,,eng,n/a,0
TP,9779,102465122,Nice Office Vibes,Clear QA framework and learning.,Strict checks enhance consistency here.,5,Quality Reviewer,2026-01-25 07:46:56.477000+00:00,REGULAR,True,SAS Nagar,5,5,POSITIVE,5,5,eng,n/a,0
TP,9779,102465051,Healthy Team Culture,Good customer interaction and coaching.,Everytime Target s motivate performance.,5,Customer Success Executive,2026-01-25 07:38:33.787000+00:00,REGULAR,True,"Jaipur, Assam",5,5,POSITIVE,5,5,eng,n/a,0
TP,9779,102464989,Learning Focused Role,Planning exposure is valuable in Teleperformance.,Ofc Shift rotations improve adaptability.,5,Scheduling Analyst,2026-01-25 07:33:22.120000+00:00,REGULAR,True,Bengaluru,5,5,POSITIVE,5,5,eng,n/a,0
TP,9779,102464966,Good Corporate Start,Structured HR processes and teamwork.,Slow approvals teach patience here.,5,HR Operations - Executive,2026-01-25 07:31:21.300000+00:00,REGULAR,True,Indore,5,5,POSITIVE,5,5,eng,n/a,0
TP,9779,102464935,Supportive Work Space,Direct client exposure with support.,some times Pressure builds professionalism .,5,Client Support Associate,2026-01-25 07:28:10.820000+00:00,REGULAR,True,Pune,5,5,POSITIVE,5,5,eng,n/a,0
TP,9779,102464899,Strong Team Bond,Strong reporting tools and guidance.,Detailed reports sharpen accuracy in TP .,5,Reporting Analyst,2026-01-25 07:25:24.433000+00:00,REGULAR,True,Chennai,5,5,POSITIVE,5,5,eng,n/a,0
TP,9779,102464879,Fast Paced Learning,Helpful seniors and tech learning.,Long shifts improve endurance here.,5,Service Desk Analyst,2026-01-25 07:22:56.367000+00:00,REGULAR,True,Vadodara,5,5,POSITIVE,5,5,eng,n/a,0
TP,9779,102464717,Great Team Support,Good forecasting experience in this company.,Busy schedules build strategy thinking.,5,Workforce Planner,2026-01-25 07:02:40.863000+00:00,REGULAR,True,"Āgra, Uttar Pradesh",5,5,POSITIVE,5,5,eng,n/a,0
TP,9779,102464935,Supportive Work Space,Direct client exposure with support.,some times Pressure builds professionalism .,5,Client Support Associate,2026-01-25 07:28:10.820000+00:00,REGULAR,True,Pune,5,5,POSITIVE,5,5,eng,n/a,0
TP,9779,102464899,Strong Team Bond,Strong reporting tools and guidance.,Detailed reports sharpen accuracy in TP .,5,Reporting Analyst,2026-01-25 07:25:24.433000+00:00,REGULAR,True,Chennai,5,5,POSITIVE,5,5,eng,n/a,0
TP,9779,102464879,Fast Paced Learning,Helpful seniors and tech learning.,Long shifts improve endurance here.,5,Service Desk Analyst,2026-01-25 07:22:56.367000+00:00,REGULAR,True,Vadodara,5,5,POSITIVE,5,5,eng,n/a,0
TP,9779,102464717,Great Team Support,Good forecasting experience in this company.,Busy schedules build strategy thinking.,5,Workforce Planner,2026-01-25 07:02:40.863000+00:00,REGULAR,True,"Āgra, Uttar Pradesh",5,5,POSITIVE,5,5,eng,n/a,0
TP,9779,102464707,Solid Experience,Clear quality standards and learning opportunities.,"Reviews are strict, but improve performance.",5,Quality Analyst,2026-01-25 07:01:54.377000+00:00,REGULAR,True,Calcutta,5,5,POSITIVE,,5,eng,n/a,0
TP,9779,102464641,Friendly Workplace,Great leadership exposure and strong team bonding.,"Workload rises, yet builds management skills.",5,Team Leader,2026-01-25 06:55:33.697000+00:00,REGULAR,True,Noida,5,5,POSITIVE,5,5,eng,n/a,0
TP,9779,102464629,Structured Learning,Organised work culture and helpful peers.,Paperwork teaches process flow here .,5,Admin Executive,2026-01-25 06:54:19.167000+00:00,REGULAR,True,SAS Nagar,5,5,POSITIVE,5,5,eng,n/a,0
TP,9779,102464607,Good Career Start,Nice workplace culture and cooperative staff. HR tools are decent.,"Approvals take time, but processes are structured.",5,HR-Executive,2026-01-25 06:51:38.990000+00:00,REGULAR,True,"Jaipur, Rajasthan",5,5,POSITIVE,5,,eng,n/a,0
TP,9779,102464565,Good Choice,"People nice, work interesting, happy here.",Busy days feel tiring .,5,Customer Support Associate,2026-01-25 06:46:22.880000+00:00,REGULAR,True,Noida,5,5,POSITIVE,,,eng,n/a,0
TP,9779,102464533,Career Path,Hard work leads to promotion chances.,Promotion takes time but fair.,5,Team Leader Operations,2026-01-25 06:42:55.130000+00:00,REGULAR,True,"Gurgaon, Haryana",5,5,POSITIVE,5,,eng,n/a,0
TP,9779,102462779,It was great experience working at TP.,Good working environment and nice work.,I am not sure about cons.,4,Customer Service Representative,2026-01-25 02:05:53.710000+00:00,REGULAR,False,Indore,,,,,,eng,n/a,0
TP,9779,102462692,great company,The culture and the workers are great,Nothing but the lockers are to confusing hahahaah,5,Customer Service Experts,2026-01-25 01:46:27.630000+00:00,REGULAR,True,Cebu City,5,5,POSITIVE,5,5,eng,they are great and accommodating,0
TP,9779,102462391,Supportive Team,Fast-paced work with good exposure. Colleagues are very supportive.,High call volume builds resilience over time.,5,Non Voice Process Associate,2026-01-25 00:45:15.953000+00:00,REGULAR,True,Agrana Jarara,5,5,POSITIVE,5,5,eng,n/a,0
TP,9779,102462371,Great Learning Place,Friendly team and helpful managers. Training was smooth and supportive.,"Shifts can be long sometimes, but learning is strong.",5,Customer Support Executive,2026-01-25 00:40:28.037000+00:00,REGULAR,True,SAS Nagar,5,5,POSITIVE,5,5,eng,Na,0
TP,9779,102461684,Best for Support,Great work environment to work on.,No cabs for boys in the company,4,Customer Service Representative (CSR),2026-01-24 22:16:43.130000+00:00,REGULAR,True,"Mohali, Punjab",4,4,POSITIVE,4,3,eng,n/a,0
TP,9779,102461380,Auto approve,ID distribution and card pass,Instant approval faster access to services,5,Customer Service Expert,2026-01-24 21:24:14.630000+00:00,REGULAR,True,Cebu City,5,5,POSITIVE,5,5,eng,n/a,0
TP,9779,102461070,Grateful,The benefits and the incentives,For me I think the cafeteria in each floor that needs to have a coffee machine and also extra chair in the 7th floor,5,Customer Service Representative (CSR),2026-01-24 20:27:08.490000+00:00,REGULAR,True,,5,5,POSITIVE,5,4,eng,n/a,0
TP,9779,102459415,Review,"Newbie friendly, colleagues approachable and knowledgeable",No cons encounter at all,5,Customer Service Experts,2026-01-24 15:46:03.067000+00:00,REGULAR,True,Davao,5,4,POSITIVE,4,4,eng,n/a,0
TP,9779,102459059,Good,Good place for working full time,Its same like any other company.,5,Client Service Representative,2026-01-24 14:53:14.407000+00:00,REGULAR,True,,5,,,,,eng,n/a,0
TP,9779,102457536,Fast paced client centric,"Work from home , good leadership",Focus on maximising quantity of cases with maintaining quality,4,Operations Customer Expert 1,2026-01-24 11:35:33.070000+00:00,REGULAR,True,"Edinburgh, Scotland",4,3,POSITIVE,3,3,eng,n/a,0
GOOGLE,9079,102542311,Don't join contract,Ijp Schedule Ot incentives Hike,"Politics, Language preference Break time is 45 minutes",4,Customer Support,2026-01-28 20:59:41.210000+00:00,CONTRACT,True,Marathahalli,4,4,POSITIVE,4,4,eng,Increase 1 hour break to 1 hour 15 minutes,0
GOOGLE,9079,102541104,Fairly good workplace,"Job stability once you get a permanent full-time contract
Reasonable perks
Efficient HR responses
Good facilities",Not too much flexibility with working hours,4,Customer Service Representative,2026-01-28 19:29:30.707000+00:00,REGULAR,True,"Toronto, ON",4,2,POSITIVE,5,2,eng,n/a,0
GOOGLE,9079,102540524,Good,excellent salary for a student for just knowing how to speak english,"depends on the account you are working for 
my account cons were achieving and still getting asked for more and the bad management",4,Customer Service Representative,2026-01-28 18:48:34.713000+00:00,REGULAR,False,"Cairo, Cairo Governorate",,,,,,eng,be easy on your employees,1
GOOGLE,9079,102540082,Its not a bad position,"work from home, good breaks good hours plenty of OT if you want it.","quota set too high, limited timeframes for calls and after calls, not enough suppoer for new agents on the floor, no choice in all the OT or when we do the OT, way too hard to get commission",3,OnStar BBWC Advisor,2026-01-28 18:17:53.777000+00:00,REGULAR,True,"Fort Wayne, IN",1,2,NEGATIVE,3,2,eng,give more options on when mandated OT can be done more help to new agents,1
GOOGLE,9079,102535899,Mis comentarios,Maquina de cafe y aire acondicionado,"Pocos breaks, y maquina esta desabastecida",4,Customer Service Agent,2026-01-28 13:48:20.867000+00:00,REGULAR,True,"Lima, Lima Region",4,4,POSITIVE,4,4,eng,n/a,0
GOOGLE,9079,102535874,La mejor primera experiencia,"Excelente trato a su empleados y horarios flexibles, buenos beneficios.",Si vives un poco lejos puede que sea un poco difícil el tramo para llegar al site pero ya que cuentan con diferentes sedes en la ciudad no sería tan complicado.,5,Customer Service Agent,2026-01-28 13:47:10.337000+00:00,REGULAR,True,"Lima, Lima Region",5,5,POSITIVE,5,5,eng,n/a,0
GOOGLE,9079,102535853,Encuesta,Muy buen ambiente de trabajo!,El aire acondicionado a veces es muy frío,5,Agent,2026-01-28 13:46:36.177000+00:00,REGULAR,True,"Lima, Lima Region",5,5,POSITIVE,5,5,eng,n/a,0
GOOGLE,9079,102535837,Experience,"Best place to work, good environment",El Aire acondicionado muy fuerte,5,Customer Service Agent,2026-01-28 13:45:56.243000+00:00,REGULAR,True,"Lima, Lima Region",5,5,POSITIVE,5,5,eng,Es bueno por ahora,0
GOOGLE,9079,102535835,Review,"Planilla
Seguro
Aprendes sobre otras culturas y aumentas tu vocabulario","No hay restaurante 
Está un poco lejos de mi casa 😔",5,Agent,2026-01-28 13:45:50.027000+00:00,REGULAR,True,"Lima, Lima Region",5,5,POSITIVE,5,5,eng,Implementen un restaurante (no tan caro porfa) una alianza con Sodexo o algo así,0
GOOGLE,9079,102535810,Agents Experience,"Nice trainers, air condirtioning, nice coworkers and amazing security",Away from home and university,5,Agent,2026-01-28 13:44:50.863000+00:00,REGULAR,True,"Lima, Lima Region",5,5,POSITIVE,5,5,eng,n/a,0
GOOGLE,9079,102535685,Bueno,"Buen ambiente laboral 
Buenas campañas
Pagan a tiempo",Campañas con bonos prometidos difícil casi imposible de alcanzar,2,Agent,2026-01-28 13:38:52.873000+00:00,REGULAR,True,"Lima, Lima Region",2,2,POSITIVE,2,1,eng,Nada,0
GOOGLE,9079,102535430,And environment that encourages friendship,"As far as my personal experience, the people are nice. The whole training process was a good experience that combined new friendships and knowledge.",Probably the work hours are a bit longer than I'd like.,4,Operations Costumer Expert I,2026-01-28 13:26:00.747000+00:00,REGULAR,True,"Lima, Lima Region",3,4,POSITIVE,4,4,eng,-,0
GOOGLE,9079,102535290,Survey,"Flexible hours
Good benefits
Good work environment","Small premises
Too much traffic to get here
No areas for resting",5,Customer Service Representative,2026-01-28 13:19:02.217000+00:00,REGULAR,True,"Lima, Lima Region",5,5,POSITIVE,5,5,eng,n/a,0
GOOGLE,9079,102535215,Great place to work .,"Good benefits
Good Work environment","Location
Location
Location 
Location
Location",5,agente callcenter,2026-01-28 13:16:16.137000+00:00,REGULAR,True,"Lima, Lima Region",4,4,POSITIVE,4,4,eng,n/a,0
GOOGLE,9079,102535204,"Buena flexibilidad horaria, mala gestión de personal.","Flexibilidad horaria con estudios
Beneficios diversos
Ubicación céntrica","Mala gestión de personal
Desconexión forzada del exterior
Alta rotación de staff",5,Agent,2026-01-28 13:15:28.360000+00:00,REGULAR,True,"Lima, Lima Region",4,4,POSITIVE,3,2,eng,"Sueldos más competitivos, métricas más claras, mejor gestión de agentes.",0
GOOGLE,9079,102533740,Great place to work,"Buena empresa para trabajar, flexibles",Algo apartado el lugar de trabajo,5,Content Moderator,2026-01-28 12:07:44.213000+00:00,REGULAR,True,"Bogotá, Bogota",,5,,5,4,eng,n/a,0
GOOGLE,9079,102533647,Emotions and Experience Activity,Fue una actividad muy dinámica y divertida que ayuda a salir de la monotonía y recargar energías para continuar,No veo ningún contra en la actividad,5,Content Moderator,2026-01-28 12:04:14.503000+00:00,REGULAR,True,"Bogotá, Bogota",5,5,POSITIVE,5,5,eng,"No hay ninguno, la actividad fue muy completa",0
GOOGLE,9079,102533622,Buen ambiente laboral,"La empresa cuenta con un buen ambiente laboral, diversas actividades y apoyos.",Dan poco tiempo de break.,5,Operations Customer Expert 1,2026-01-28 12:03:08.967000+00:00,REGULAR,True,"Bogotá, Bogota",4,5,POSITIVE,5,4,eng,Mejorar un poco el tiempo de descanso.,0
GOOGLE,9079,102533610,Excelente,Un excelente ambiente laboral que se preocupa por sus empleados,Más dinamismo respecto a la elección de horarios,5,Content Moderator,2026-01-28 12:02:18.947000+00:00,REGULAR,True,"Bogotá, Bogota",5,5,POSITIVE,5,5,eng,No reducir beneficios para los empleados,0
GOOGLE,9079,102533605,Good laboral environment,Good place to work 👍🏽,"Anything, everything is ok and cool",5,Content Moderator,2026-01-28 12:02:04.830000+00:00,REGULAR,True,"Bogotá, Bogota",5,5,POSITIVE,5,5,eng,n/a,0
GOOGLE,9079,102533578,Excelente ambiente laboral,Las actividades a realizar considero son adecuadas para mantener un espacio laboral sano y activo.,Las actividades podrían incluir el ámbito conversacional para fortalecer el juego y la dinámica.,5,Content Moderator,2026-01-28 12:01:06.477000+00:00,REGULAR,True,"Bogotá, Bogota",5,4,POSITIVE,5,5,eng,Sugiero dedicar un espacio un poco más prolongado para este tipo de dinámicas.,0
GOOGLE,9079,102533570,Tp sup review,"You have excellent benefits as worker in Tp, the work environment is great, the payment is puntual and nice.",Some of the benefits are not working currently.,4,Supervisor,2026-01-28 12:00:38.567000+00:00,CONTRACT,True,"Bogota, Cundinamarca",4,5,POSITIVE,4,3,eng,n/a,0
GOOGLE,9079,102533546,Good laboral enviroment,Pretty good enviroment and people,"Everything was awesome, nothing to complaint",5,,2026-01-28 11:59:41.583000+00:00,REGULAR,True,,5,5,POSITIVE,5,5,eng,No,0
GOOGLE,9079,102533540,Buen ambiente laboral,"Lindas instalaciones y excelente ambiente, muy tranquilo y cómodo",Cómo sugerencia me gustaría más conversación,4,Content Moderator,2026-01-28 11:59:21.727000+00:00,REGULAR,True,,,,,,,eng,n/a,0
GOOGLE,9079,102533529,Great and funny time at work,It's great to have fun at work and know coworkers that can become great friends,There are any cons for this,5,Content Moderator,2026-01-28 11:59:12.573000+00:00,REGULAR,True,"Bogotá, Bogota",5,5,POSITIVE,5,5,eng,Any,0
GOOGLE,9079,102527713,Great if you need just anything and fast,The timeline from applying to getting hired was really fast. The interview was one of the easiest I've experienced as there were no real interview questions. I was only asked about my internet at home and when I could start.,"The company is very disorganized, the training is not as in depth as it should be, and the management team is horrible. There is no communication and they have a fake ""open-door"" policy. The pay is minimum and they try to force you into promotions w/o pay increases.",2,,2026-01-28 07:45:11.813000+00:00,REGULAR,False,,,,,,,eng,n/a,0
GOOGLE,9079,102521047,Feedback,Good environment and echo friendly,"So far my first day, everything was smooth",4,Customer Service Representative (CSR),2026-01-28 01:08:25.723000+00:00,REGULAR,True,,4,4,POSITIVE,4,4,eng,n/a,0
GOOGLE,9079,102515491,Terrible job,"Good training program and instructors,",Terrible work environment. Will let you go for not making sales.,1,,2026-01-27 17:26:22.707000+00:00,REGULAR,False,,,,,,,eng,n/a,0
GOOGLE,9079,102512762,Great Oppurtunity,"Flexible schedule, opportunity to advance, work from home environment.",I would really appreciate more competitive wages.,3,Desktop Support Technician,2026-01-27 14:17:45.170000+00:00,REGULAR,True,"El Paso, TX",,,,,,eng,Consider the workload of a position when considering the pay rate.,0
GOOGLE,9079,102511558,Working at TP,"Guarantee 40 hours
Working environment is great","Not enough OT, but still a great job place to work.",5,Desktop and Site Support Technician II,2026-01-27 13:11:55.100000+00:00,REGULAR,True,"Warren, MI",5,4,POSITIVE,5,5,eng,Keep up with the great work that you do.,0
GOOGLE,9079,102508846,Good starting point,Good work life balance and work hours,Lots of micromanaging with unrealistic expectations and targets,2,Digital Marketing Specialist,2026-01-27 10:58:46.277000+00:00,REGULAR,True,"Toronto, ON",1,1,NEGATIVE,1,5,eng,n/a,0
GOOGLE,9079,102507942,Buena empresa y rápida para los procesos,"- Mi campaña ofrecia un entrenamiento preciso y muy práctico
- Los entrenadores muy comprensivos y serviciales
- El pequeño espacio de adaptación a operaciones fue muy útil","- La campaña presenta un alto flujo de llamadas que pueden durar hasta dos horas cada una
- No se puede colgar las llamadas antes de que el cliente acabe el servicio, por lo que la mayoría de días debí hacer tiempo extra",4,Interpretor,2026-01-27 10:21:46.190000+00:00,PART_TIME,False,"Cali, Valle del Cauca",,,,,,eng,n/a,0
GOOGLE,9079,102507708,trash,they pay good &amp; have daily pay. training is paid as well,they will fire you without notice or reason,1,Field Representative,2026-01-27 10:12:24.713000+00:00,TEMPORARY,False,"Lakeland Highlands, FL",1,4,,1,1,eng,n/a,0
GOOGLE,9079,102506279,Ventas,"Me gusta el espacio, el ambiente de trabajo y la metodología de pago",La variación entre campañas no te garantiza un empleo cuando te interesa permanecer durante mucho tiempo.,5,Operations Customer Expert I,2026-01-27 09:13:34.663000+00:00,REGULAR,True,"Bogotá, Bogota",5,5,POSITIVE,5,5,eng,n/a,0
GOOGLE,9079,102505396,Info,El crecimiento que permite en la empresa,Que falta fortalecer varios proyectos,4,Administrator,2026-01-27 08:39:01.610000+00:00,CONTRACT,True,"Bogotá, Bogota",4,4,POSITIVE,4,4,eng,Implementar mas procesos,0
GOOGLE,9079,102505362,Buen trabajo,Es una compañía que brinda estabilidad a las personas,El acceso a los ascensores son tediosos,5,Customer Service Representative,2026-01-27 08:37:52.580000+00:00,REGULAR,True,"Bogotá, Bogota",4,4,POSITIVE,4,4,eng,Hacer más actividades lúdicas,0
GOOGLE,9079,102505341,Espacios cómodos,Buenos espacios y oportunidades para primer empleo.,"Algunos horarios, bajos salarios que manejan algunas campañas",4,Costumer Service,2026-01-27 08:37:22.907000+00:00,REGULAR,True,"Bogotá, Bogota",4,4,POSITIVE,3,3,eng,Manejar la parte de los salarios para las campañas bilingües,0
GOOGLE,9079,102504051,No thinking Human,"Free coffee machine, well structured training program","No thinking in their employees as human, do not take care of their talent like if they could have so much interested people in line",2,Customer Service Representative,2026-01-27 07:42:55.077000+00:00,REGULAR,False,"Bogotá, Bogota",1,4,NEGATIVE,1,2,eng,"Understanding how humans works, why the dissconection moments are importante, 30 min lunch for a place with ovens and lockers away from workplace is not friendly",0
GOOGLE,9079,102501869,Overall good,Good career progression with clear targets,"Not many cons, high turnover",4,Technical Support - Genius Bar,2026-01-27 06:07:56.607000+00:00,REGULAR,False,"San Jose, San Jose",,,,,,eng,n/a,0
GOOGLE,9079,102495677,Worst place,Yes no and sometimes yes,Rien a signaling  cause lelo faux,5,Customer Service Representative,2026-01-27 00:18:51.137000+00:00,REGULAR,True,"Athens, Athens, Attica",,,,,,eng,n/a,0
GOOGLE,9079,102495677,Worst place,Yes no and sometimes yes,Rien a signaling  cause lelo faux,5,Customer Service Representative,2026-01-27 00:18:51.137000+00:00,REGULAR,True,"Athens, Athens, Attica",,,,,,eng,n/a,0
GOOGLE,9079,102473028,Experience,Good salary good commission transportation allowance,"Sme's rudeness and unhelpfullnes, stressfull jop,working hours to match us timing,",3,Customer Service Representative,2026-01-25 23:13:27.480000+00:00,REGULAR,False,"Cairo, Cairo Governorate",2,4,NEGATIVE,2,1,eng,n/a,0
GOOGLE,9079,102472941,Don’t bother,Free coffee while on site,Literally anything and everything you can think of,1,Customer Service Representative (CSR),2026-01-25 23:01:59.783000+00:00,REGULAR,False,"Waterloo, ON",,,,,,eng,Do better,0
GOOGLE,9079,102472828,Toxic,"Remote, flexible , diversity,good, people","Low pay

High stress

Angry customers

Strict rules

Repetitive work

Burnout risk

Limited growth

Tough schedules

Constant monitoring",2,Specialist,2026-01-25 22:45:11.487000+00:00,PART_TIME,True,"Montreal, QC",1,1,,1,1,eng,n/a,3
GOOGLE,9079,102468705,Una buena opción solo para comenzar,Los pagos se hacen a tiempo y son cumplidos con las prestaciones,El trabajo es muy pesado y la paga no es tan buena,3,Customer Service Representative (CSR),2026-01-25 14:01:18.077000+00:00,REGULAR,True,"Colombia, Cundinamarca",,,,,,eng,n/a,0
GOOGLE,9079,102466414,Only good for CV,"Stable-ish position, Good as a first interpreting job and they train you before you start.","0 life-work balance, They Pay poorly for what you do. The staff has zero communication among themselves and they have questionable policies.",3,Interpreter,2026-01-25 10:03:26.097000+00:00,REGULAR,True,,3,3,NEGATIVE,2,1,eng,"Improve the communication between team leaders, increase the pay and just in general take more care of your employees.",0
GOOGLE,9079,102466222,Review,"Punctual 
salary
International envriroment
14 salaries","Low pay and
Repetitive job",3,Customer Service Representative,2026-01-25 09:43:59.820000+00:00,REGULAR,False,"Thessaloníki, Western Macedonia",,,,,,eng,n/a,0
GOOGLE,9079,102465580,Supportive Peers,Teleperformance Good tech support learning.,Sometimes Call pressure builds resilience.,5,Technical Helpdesk,2026-01-25 08:38:25.360000+00:00,REGULAR,True,SAS Nagar,5,5,POSITIVE,5,5,eng,n/a,0
GOOGLE,9079,102465450,Consistent Learning,Client handling builds confidence and bond.,High expectations grow communication skills.,5,Client Relations Executive,2026-01-25 08:24:58.433000+00:00,REGULAR,True,Mumbai,5,5,POSITIVE,5,5,eng,n/a,0
GOOGLE,9079,102465340,Good Team Environment,Training coordination exposure is helpful.,Tight schedule' s improve organisation.,5,Learning Coordinator,2026-01-25 08:11:31.387000+00:00,REGULAR,True,Bengaluru,5,5,POSITIVE,5,5,eng,n/a,0
GOOGLE,9079,102465243,Encouraging Workplace,Tool exposure and workflow clarity.,company System lag improves patience.,5,CRM Executive,2026-01-25 08:00:42.987000+00:00,REGULAR,True,Chennai,5,5,POSITIVE,5,5,eng,n/a,0
GOOGLE,9079,102465168,Skill Growth Role,Great Team coordination experience gained.,Good Peak rush builds leadership.,5,Floor Coordinator,2026-01-25 07:52:19.597000+00:00,REGULAR,True,"Gurgaon, Haryana",5,5,POSITIVE,5,,eng,n/a,0
GOOGLE,9079,102465122,Nice Office Vibes,Clear QA framework and learning.,Strict checks enhance consistency here.,5,Quality Reviewer,2026-01-25 07:46:56.477000+00:00,REGULAR,True,SAS Nagar,5,5,POSITIVE,5,5,eng,n/a,0
GOOGLE,9079,102465051,Healthy Team Culture,Good customer interaction and coaching.,Everytime Target s motivate performance.,5,Customer Success Executive,2026-01-25 07:38:33.787000+00:00,REGULAR,True,"Jaipur, Assam",5,5,POSITIVE,5,5,eng,n/a,0
GOOGLE,9079,102464989,Learning Focused Role,Planning exposure is valuable in Teleperformance.,Ofc Shift rotations improve adaptability.,5,Scheduling Analyst,2026-01-25 07:33:22.120000+00:00,REGULAR,True,Bengaluru,5,5,POSITIVE,5,5,eng,n/a,0
GOOGLE,9079,102464966,Good Corporate Start,Structured HR processes and teamwork.,Slow approvals teach patience here.,5,HR Operations - Executive,2026-01-25 07:31:21.300000+00:00,REGULAR,True,Indore,5,5,POSITIVE,5,5,eng,n/a,0
GOOGLE,9079,102464935,Supportive Work Space,Direct client exposure with support.,some times Pressure builds professionalism .,5,Client Support Associate,2026-01-25 07:28:10.820000+00:00,REGULAR,True,Pune,5,5,POSITIVE,5,5,eng,n/a,0
GOOGLE,9079,102464899,Strong Team Bond,Strong reporting tools and guidance.,Detailed reports sharpen accuracy in TP .,5,Reporting Analyst,2026-01-25 07:25:24.433000+00:00,REGULAR,True,Chennai,5,5,POSITIVE,5,5,eng,n/a,0
GOOGLE,9079,102464879,Fast Paced Learning,Helpful seniors and tech learning.,Long shifts improve endurance here.,5,Service Desk Analyst,2026-01-25 07:22:56.367000+00:00,REGULAR,True,Vadodara,5,5,POSITIVE,5,5,eng,n/a,0
GOOGLE,9079,102464717,Great Team Support,Good forecasting experience in this company.,Busy schedules build strategy thinking.,5,Workforce Planner,2026-01-25 07:02:40.863000+00:00,REGULAR,True,"Āgra, Uttar Pradesh",5,5,POSITIVE,5,5,eng,n/a,0
GOOGLE,9079,102464935,Supportive Work Space,Direct client exposure with support.,some times Pressure builds professionalism .,5,Client Support Associate,2026-01-25 07:28:10.820000+00:00,REGULAR,True,Pune,5,5,POSITIVE,5,5,eng,n/a,0
GOOGLE,9079,102464899,Strong Team Bond,Strong reporting tools and guidance.,Detailed reports sharpen accuracy in TP .,5,Reporting Analyst,2026-01-25 07:25:24.433000+00:00,REGULAR,True,Chennai,5,5,POSITIVE,5,5,eng,n/a,0
GOOGLE,9079,102464879,Fast Paced Learning,Helpful seniors and tech learning.,Long shifts improve endurance here.,5,Service Desk Analyst,2026-01-25 07:22:56.367000+00:00,REGULAR,True,Vadodara,5,5,POSITIVE,5,5,eng,n/a,0
GOOGLE,9079,102464717,Great Team Support,Good forecasting experience in this company.,Busy schedules build strategy thinking.,5,Workforce Planner,2026-01-25 07:02:40.863000+00:00,REGULAR,True,"Āgra, Uttar Pradesh",5,5,POSITIVE,5,5,eng,n/a,0
GOOGLE,9079,102464707,Solid Experience,Clear quality standards and learning opportunities.,"Reviews are strict, but improve performance.",5,Quality Analyst,2026-01-25 07:01:54.377000+00:00,REGULAR,True,Calcutta,5,5,POSITIVE,,5,eng,n/a,0
GOOGLE,9079,102464641,Friendly Workplace,Great leadership exposure and strong team bonding.,"Workload rises, yet builds management skills.",5,Team Leader,2026-01-25 06:55:33.697000+00:00,REGULAR,True,Noida,5,5,POSITIVE,5,5,eng,n/a,0
GOOGLE,9079,102464629,Structured Learning,Organised work culture and helpful peers.,Paperwork teaches process flow here .,5,Admin Executive,2026-01-25 06:54:19.167000+00:00,REGULAR,True,SAS Nagar,5,5,POSITIVE,5,5,eng,n/a,0
GOOGLE,9079,102464607,Good Career Start,Nice workplace culture and cooperative staff. HR tools are decent.,"Approvals take time, but processes are structured.",5,HR-Executive,2026-01-25 06:51:38.990000+00:00,REGULAR,True,"Jaipur, Rajasthan",5,5,POSITIVE,5,,eng,n/a,0
GOOGLE,9079,102464565,Good Choice,"People nice, work interesting, happy here.",Busy days feel tiring .,5,Customer Support Associate,2026-01-25 06:46:22.880000+00:00,REGULAR,True,Noida,5,5,POSITIVE,,,eng,n/a,0
GOOGLE,9079,102464533,Career Path,Hard work leads to promotion chances.,Promotion takes time but fair.,5,Team Leader Operations,2026-01-25 06:42:55.130000+00:00,REGULAR,True,"Gurgaon, Haryana",5,5,POSITIVE,5,,eng,n/a,0
GOOGLE,9079,102462779,It was great experience working at TP.,Good working environment and nice work.,I am not sure about cons.,4,Customer Service Representative,2026-01-25 02:05:53.710000+00:00,REGULAR,False,Indore,,,,,,eng,n/a,0
GOOGLE,9079,102462692,great company,The culture and the workers are great,Nothing but the lockers are to confusing hahahaah,5,Customer Service Experts,2026-01-25 01:46:27.630000+00:00,REGULAR,True,Cebu City,5,5,POSITIVE,5,5,eng,they are great and accommodating,0
GOOGLE,9079,102462391,Supportive Team,Fast-paced work with good exposure. Colleagues are very supportive.,High call volume builds resilience over time.,5,Non Voice Process Associate,2026-01-25 00:45:15.953000+00:00,REGULAR,True,Agrana Jarara,5,5,POSITIVE,5,5,eng,n/a,0
GOOGLE,9079,102462371,Great Learning Place,Friendly team and helpful managers. Training was smooth and supportive.,"Shifts can be long sometimes, but learning is strong.",5,Customer Support Executive,2026-01-25 00:40:28.037000+00:00,REGULAR,True,SAS Nagar,5,5,POSITIVE,5,5,eng,Na,0
GOOGLE,9079,102461684,Best for Support,Great work environment to work on.,No cabs for boys in the company,4,Customer Service Representative (CSR),2026-01-24 22:16:43.130000+00:00,REGULAR,True,"Mohali, Punjab",4,4,POSITIVE,4,3,eng,n/a,0
GOOGLE,9079,102461380,Auto approve,ID distribution and card pass,Instant approval faster access to services,5,Customer Service Expert,2026-01-24 21:24:14.630000+00:00,REGULAR,True,Cebu City,5,5,POSITIVE,5,5,eng,n/a,0
GOOGLE,9079,102461070,Grateful,The benefits and the incentives,For me I think the cafeteria in each floor that needs to have a coffee machine and also extra chair in the 7th floor,5,Customer Service Representative (CSR),2026-01-24 20:27:08.490000+00:00,REGULAR,True,,5,5,POSITIVE,5,4,eng,n/a,0
GOOGLE,9079,102459415,Review,"Newbie friendly, colleagues approachable and knowledgeable",No cons encounter at all,5,Customer Service Experts,2026-01-24 15:46:03.067000+00:00,REGULAR,True,Davao,5,4,POSITIVE,4,4,eng,n/a,0
GOOGLE,9079,102459059,Good,Good place for working full time,Its same like any other company.,5,Client Service Representative,2026-01-24 14:53:14.407000+00:00,REGULAR,True,,5,,,,,eng,n/a,0
GOOGLE,9079,102457536,Fast paced client centric,"Work from home , good leadership",Focus on maximising quantity of cases with maintaining quality,4,Operations Customer Expert 1,2026-01-24 11:35:33.070000+00:00,REGULAR,True,"Edinburgh, Scotland",4,3,POSITIVE,3,3,eng,n/a,0
GOOGLE,9079,102457536,Fast paced client centric,"Work from home , good leadership",Focus on maximising quantity of cases with maintaining quality,4,Operations Customer Expert 1,2026-01-24 11:35:33.070000+00:00,REGULAR,True,"Edinburgh, Scotland",4,3,POSITIVE,3,3,eng,n/a,0
GOOGLE,9079,102455362,Pathetic Salary,"Remote work, Wok Life Balance","Low Salary despite having great skills, no incentives offers, no career growth scope.",2,Quality Analyst,2026-01-24 07:36:13.717000+00:00,REGULAR,True,"Gurgaon, Haryana",1,1,NEGATIVE,1,2,eng,Pay more and expect work,0
GOOGLE,9079,102452322,Good for freshers,"Good Work culture. 
Appreciation for work",No cons at this moment,3,,2026-01-24 00:49:31.500000+00:00,REGULAR,False,,3,3,,3,3,eng,n/a,0
GOOGLE,9079,102451640,Managment and HR systems are unprofessional,"Free snack and free drink
Dynamic environment","- Depends on the market you are working in, but in my Vietnam market, some of them are micromanagers, too emotional, and never put justice above. They only know themselves. Managers' lack of skills and experience.
- About the HR department, they work too slowly, and they don't even know the process, which makes us have to waste so much time and effort to catch up and complete the whole process by ourselves.",2,Customer Service Associate,2026-01-23 23:03:48.190000+00:00,REGULAR,False,Pulau Pinang,3,3,NEGATIVE,3,2,eng,n/a,0
GOOGLE,9079,102449855,Short Term Holiday Spot for Young People Speaking Germanic Languages,Company accommodation if coming from abroad.,"Employees, including management, change too frequently, so in the end, nobody cares that you are human.
Most projects are moving to cheap labor countries.",2,Operations Customer Support,2026-01-23 18:52:55.120000+00:00,REGULAR,False,"Lisbon, Lisbon District",,,NEGATIVE,,,eng,Not going to bother.,0
GOOGLE,9079,102447200,Teleperformance,work from home &amp; flex schedules,feel like a number &amp; company is not employee friendly,3,,2026-01-23 14:27:10.093000+00:00,REGULAR,True,"Irving, TX",2,1,NEGATIVE,1,2,eng,start listening to staff that have been with company for at least 15+ years and.  Start training on new programs prior to changing over - be open to employee suggestions and just overall training as needed.,0
GOOGLE,9079,102447143,Chat agent Enigma,Work from home - Salary,Only 1 free day - high number of contacts per day,5,Chat Agent,2026-01-23 14:23:27.257000+00:00,REGULAR,False,"Bogotá, Bogota",4,5,POSITIVE,5,4,eng,n/a,0
GOOGLE,9079,102444990,Worse company to be,cheap meal at the canteen,everything you can possiblity think of. Poor management and non qualified managers,1,Customer Service Agent,2026-01-23 12:01:30.913000+00:00,REGULAR,True,Portugal,1,1,NEGATIVE,1,1,eng,n/a,0
GOOGLE,9079,102444425,Good,"Friendly Environment 
Fast Application Process
Good trainers","Some Employees are Homophobic 
Some PC’s not working well
Not enough room for trainings",3,Operations Costumer Expert I,2026-01-23 11:29:28.553000+00:00,REGULAR,True,Cebu City,3,3,POSITIVE,3,3,eng,n/a,0
GOOGLE,9079,102444406,It's okay.,It's easy to apply with one day application process.,Not enough training rooms for the newbies to use.,3,Operation Expert I,2026-01-23 11:28:04.583000+00:00,REGULAR,True,Cebu City,5,2,NEGATIVE,2,2,eng,Have more training rooms for the newbies. Check if all rooms are properly ventilated so the employees won't suffer with heat.,0
ACCENTURE,4138,102542311,Don't join contract,Ijp Schedule Ot incentives Hike,"Politics, Language preference Break time is 45 minutes",4,Customer Support,2026-01-28 20:59:41.210000+00:00,CONTRACT,True,Marathahalli,4,4,POSITIVE,4,4,eng,Increase 1 hour break to 1 hour 15 minutes,0
ACCENTURE,4138,102541104,Fairly good workplace,"Job stability once you get a permanent full-time contract
Reasonable perks
Efficient HR responses
Good facilities",Not too much flexibility with working hours,4,Customer Service Representative,2026-01-28 19:29:30.707000+00:00,REGULAR,True,"Toronto, ON",4,2,POSITIVE,5,2,eng,n/a,0
ACCENTURE,4138,102540524,Good,excellent salary for a student for just knowing how to speak english,"depends on the account you are working for 
my account cons were achieving and still getting asked for more and the bad management",4,Customer Service Representative,2026-01-28 18:48:34.713000+00:00,REGULAR,False,"Cairo, Cairo Governorate",,,,,,eng,be easy on your employees,1
ACCENTURE,4138,102540082,Its not a bad position,"work from home, good breaks good hours plenty of OT if you want it.","quota set too high, limited timeframes for calls and after calls, not enough suppoer for new agents on the floor, no choice in all the OT or when we do the OT, way too hard to get commission",3,OnStar BBWC Advisor,2026-01-28 18:17:53.777000+00:00,REGULAR,True,"Fort Wayne, IN",1,2,NEGATIVE,3,2,eng,give more options on when mandated OT can be done more help to new agents,1
ACCENTURE,4138,102535899,Mis comentarios,Maquina de cafe y aire acondicionado,"Pocos breaks, y maquina esta desabastecida",4,Customer Service Agent,2026-01-28 13:48:20.867000+00:00,REGULAR,True,"Lima, Lima Region",4,4,POSITIVE,4,4,eng,n/a,0
ACCENTURE,4138,102535874,La mejor primera experiencia,"Excelente trato a su empleados y horarios flexibles, buenos beneficios.",Si vives un poco lejos puede que sea un poco difícil el tramo para llegar al site pero ya que cuentan con diferentes sedes en la ciudad no sería tan complicado.,5,Customer Service Agent,2026-01-28 13:47:10.337000+00:00,REGULAR,True,"Lima, Lima Region",5,5,POSITIVE,5,5,eng,n/a,0
ACCENTURE,4138,102535853,Encuesta,Muy buen ambiente de trabajo!,El aire acondicionado a veces es muy frío,5,Agent,2026-01-28 13:46:36.177000+00:00,REGULAR,True,"Lima, Lima Region",5,5,POSITIVE,5,5,eng,n/a,0
ACCENTURE,4138,102535837,Experience,"Best place to work, good environment",El Aire acondicionado muy fuerte,5,Customer Service Agent,2026-01-28 13:45:56.243000+00:00,REGULAR,True,"Lima, Lima Region",5,5,POSITIVE,5,5,eng,Es bueno por ahora,0
ACCENTURE,4138,102535835,Review,"Planilla
Seguro
Aprendes sobre otras culturas y aumentas tu vocabulario","No hay restaurante 
Está un poco lejos de mi casa 😔",5,Agent,2026-01-28 13:45:50.027000+00:00,REGULAR,True,"Lima, Lima Region",5,5,POSITIVE,5,5,eng,Implementen un restaurante (no tan caro porfa) una alianza con Sodexo o algo así,0
ACCENTURE,4138,102535810,Agents Experience,"Nice trainers, air condirtioning, nice coworkers and amazing security",Away from home and university,5,Agent,2026-01-28 13:44:50.863000+00:00,REGULAR,True,"Lima, Lima Region",5,5,POSITIVE,5,5,eng,n/a,0
ACCENTURE,4138,102535685,Bueno,"Buen ambiente laboral 
Buenas campañas
Pagan a tiempo",Campañas con bonos prometidos difícil casi imposible de alcanzar,2,Agent,2026-01-28 13:38:52.873000+00:00,REGULAR,True,"Lima, Lima Region",2,2,POSITIVE,2,1,eng,Nada,0
ACCENTURE,4138,102535430,And environment that encourages friendship,"As far as my personal experience, the people are nice. The whole training process was a good experience that combined new friendships and knowledge.",Probably the work hours are a bit longer than I'd like.,4,Operations Costumer Expert I,2026-01-28 13:26:00.747000+00:00,REGULAR,True,"Lima, Lima Region",3,4,POSITIVE,4,4,eng,-,0
ACCENTURE,4138,102535290,Survey,"Flexible hours
Good benefits
Good work environment","Small premises
Too much traffic to get here
No areas for resting",5,Customer Service Representative,2026-01-28 13:19:02.217000+00:00,REGULAR,True,"Lima, Lima Region",5,5,POSITIVE,5,5,eng,n/a,0
ACCENTURE,4138,102535215,Great place to work .,"Good benefits
Good Work environment","Location
Location
Location 
Location
Location",5,agente callcenter,2026-01-28 13:16:16.137000+00:00,REGULAR,True,"Lima, Lima Region",4,4,POSITIVE,4,4,eng,n/a,0
ACCENTURE,4138,102535204,"Buena flexibilidad horaria, mala gestión de personal.","Flexibilidad horaria con estudios
Beneficios diversos
Ubicación céntrica","Mala gestión de personal
Desconexión forzada del exterior
Alta rotación de staff",5,Agent,2026-01-28 13:15:28.360000+00:00,REGULAR,True,"Lima, Lima Region",4,4,POSITIVE,3,2,eng,"Sueldos más competitivos, métricas más claras, mejor gestión de agentes.",0
ACCENTURE,4138,102533740,Great place to work,"Buena empresa para trabajar, flexibles",Algo apartado el lugar de trabajo,5,Content Moderator,2026-01-28 12:07:44.213000+00:00,REGULAR,True,"Bogotá, Bogota",,5,,5,4,eng,n/a,0
ACCENTURE,4138,102533647,Emotions and Experience Activity,Fue una actividad muy dinámica y divertida que ayuda a salir de la monotonía y recargar energías para continuar,No veo ningún contra en la actividad,5,Content Moderator,2026-01-28 12:04:14.503000+00:00,REGULAR,True,"Bogotá, Bogota",5,5,POSITIVE,5,5,eng,"No hay ninguno, la actividad fue muy completa",0
ACCENTURE,4138,102533622,Buen ambiente laboral,"La empresa cuenta con un buen ambiente laboral, diversas actividades y apoyos.",Dan poco tiempo de break.,5,Operations Customer Expert 1,2026-01-28 12:03:08.967000+00:00,REGULAR,True,"Bogotá, Bogota",4,5,POSITIVE,5,4,eng,Mejorar un poco el tiempo de descanso.,0
ACCENTURE,4138,102533610,Excelente,Un excelente ambiente laboral que se preocupa por sus empleados,Más dinamismo respecto a la elección de horarios,5,Content Moderator,2026-01-28 12:02:18.947000+00:00,REGULAR,True,"Bogotá, Bogota",5,5,POSITIVE,5,5,eng,No reducir beneficios para los empleados,0
ACCENTURE,4138,102533605,Good laboral environment,Good place to work 👍🏽,"Anything, everything is ok and cool",5,Content Moderator,2026-01-28 12:02:04.830000+00:00,REGULAR,True,"Bogotá, Bogota",5,5,POSITIVE,5,5,eng,n/a,0
ACCENTURE,4138,102533578,Excelente ambiente laboral,Las actividades a realizar considero son adecuadas para mantener un espacio laboral sano y activo.,Las actividades podrían incluir el ámbito conversacional para fortalecer el juego y la dinámica.,5,Content Moderator,2026-01-28 12:01:06.477000+00:00,REGULAR,True,"Bogotá, Bogota",5,4,POSITIVE,5,5,eng,Sugiero dedicar un espacio un poco más prolongado para este tipo de dinámicas.,0
ACCENTURE,4138,102533570,Tp sup review,"You have excellent benefits as worker in Tp, the work environment is great, the payment is puntual and nice.",Some of the benefits are not working currently.,4,Supervisor,2026-01-28 12:00:38.567000+00:00,CONTRACT,True,"Bogota, Cundinamarca",4,5,POSITIVE,4,3,eng,n/a,0
ACCENTURE,4138,102533546,Good laboral enviroment,Pretty good enviroment and people,"Everything was awesome, nothing to complaint",5,,2026-01-28 11:59:41.583000+00:00,REGULAR,True,,5,5,POSITIVE,5,5,eng,No,0
ACCENTURE,4138,102533540,Buen ambiente laboral,"Lindas instalaciones y excelente ambiente, muy tranquilo y cómodo",Cómo sugerencia me gustaría más conversación,4,Content Moderator,2026-01-28 11:59:21.727000+00:00,REGULAR,True,,,,,,,eng,n/a,0
ACCENTURE,4138,102533529,Great and funny time at work,It's great to have fun at work and know coworkers that can become great friends,There are any cons for this,5,Content Moderator,2026-01-28 11:59:12.573000+00:00,REGULAR,True,"Bogotá, Bogota",5,5,POSITIVE,5,5,eng,Any,0
ACCENTURE,4138,102527713,Great if you need just anything and fast,The timeline from applying to getting hired was really fast. The interview was one of the easiest I've experienced as there were no real interview questions. I was only asked about my internet at home and when I could start.,"The company is very disorganized, the training is not as in depth as it should be, and the management team is horrible. There is no communication and they have a fake ""open-door"" policy. The pay is minimum and they try to force you into promotions w/o pay increases.",2,,2026-01-28 07:45:11.813000+00:00,REGULAR,False,,,,,,,eng,n/a,0
ACCENTURE,4138,102521047,Feedback,Good environment and echo friendly,"So far my first day, everything was smooth",4,Customer Service Representative (CSR),2026-01-28 01:08:25.723000+00:00,REGULAR,True,,4,4,POSITIVE,4,4,eng,n/a,0
ACCENTURE,4138,102515491,Terrible job,"Good training program and instructors,",Terrible work environment. Will let you go for not making sales.,1,,2026-01-27 17:26:22.707000+00:00,REGULAR,False,,,,,,,eng,n/a,0
ACCENTURE,4138,102512762,Great Oppurtunity,"Flexible schedule, opportunity to advance, work from home environment.",I would really appreciate more competitive wages.,3,Desktop Support Technician,2026-01-27 14:17:45.170000+00:00,REGULAR,True,"El Paso, TX",,,,,,eng,Consider the workload of a position when considering the pay rate.,0
ACCENTURE,4138,102511558,Working at TP,"Guarantee 40 hours
Working environment is great","Not enough OT, but still a great job place to work.",5,Desktop and Site Support Technician II,2026-01-27 13:11:55.100000+00:00,REGULAR,True,"Warren, MI",5,4,POSITIVE,5,5,eng,Keep up with the great work that you do.,0
ACCENTURE,4138,102508846,Good starting point,Good work life balance and work hours,Lots of micromanaging with unrealistic expectations and targets,2,Digital Marketing Specialist,2026-01-27 10:58:46.277000+00:00,REGULAR,True,"Toronto, ON",1,1,NEGATIVE,1,5,eng,n/a,0
ACCENTURE,4138,102507942,Buena empresa y rápida para los procesos,"- Mi campaña ofrecia un entrenamiento preciso y muy práctico
- Los entrenadores muy comprensivos y serviciales
- El pequeño espacio de adaptación a operaciones fue muy útil","- La campaña presenta un alto flujo de llamadas que pueden durar hasta dos horas cada una
- No se puede colgar las llamadas antes de que el cliente acabe el servicio, por lo que la mayoría de días debí hacer tiempo extra",4,Interpretor,2026-01-27 10:21:46.190000+00:00,PART_TIME,False,"Cali, Valle del Cauca",,,,,,eng,n/a,0
ACCENTURE,4138,102507708,trash,they pay good &amp; have daily pay. training is paid as well,they will fire you without notice or reason,1,Field Representative,2026-01-27 10:12:24.713000+00:00,TEMPORARY,False,"Lakeland Highlands, FL",1,4,,1,1,eng,n/a,0
ACCENTURE,4138,102506279,Ventas,"Me gusta el espacio, el ambiente de trabajo y la metodología de pago",La variación entre campañas no te garantiza un empleo cuando te interesa permanecer durante mucho tiempo.,5,Operations Customer Expert I,2026-01-27 09:13:34.663000+00:00,REGULAR,True,"Bogotá, Bogota",5,5,POSITIVE,5,5,eng,n/a,0
ACCENTURE,4138,102505396,Info,El crecimiento que permite en la empresa,Que falta fortalecer varios proyectos,4,Administrator,2026-01-27 08:39:01.610000+00:00,CONTRACT,True,"Bogotá, Bogota",4,4,POSITIVE,4,4,eng,Implementar mas procesos,0
ACCENTURE,4138,102505362,Buen trabajo,Es una compañía que brinda estabilidad a las personas,El acceso a los ascensores son tediosos,5,Customer Service Representative,2026-01-27 08:37:52.580000+00:00,REGULAR,True,"Bogotá, Bogota",4,4,POSITIVE,4,4,eng,Hacer más actividades lúdicas,0
ACCENTURE,4138,102505341,Espacios cómodos,Buenos espacios y oportunidades para primer empleo.,"Algunos horarios, bajos salarios que manejan algunas campañas",4,Costumer Service,2026-01-27 08:37:22.907000+00:00,REGULAR,True,"Bogotá, Bogota",4,4,POSITIVE,3,3,eng,Manejar la parte de los salarios para las campañas bilingües,0
ACCENTURE,4138,102504051,No thinking Human,"Free coffee machine, well structured training program","No thinking in their employees as human, do not take care of their talent like if they could have so much interested people in line",2,Customer Service Representative,2026-01-27 07:42:55.077000+00:00,REGULAR,False,"Bogotá, Bogota",1,4,NEGATIVE,1,2,eng,"Understanding how humans works, why the dissconection moments are importante, 30 min lunch for a place with ovens and lockers away from workplace is not friendly",0
ACCENTURE,4138,102501869,Overall good,Good career progression with clear targets,"Not many cons, high turnover",4,Technical Support - Genius Bar,2026-01-27 06:07:56.607000+00:00,REGULAR,False,"San Jose, San Jose",,,,,,eng,n/a,0
ACCENTURE,4138,102495677,Worst place,Yes no and sometimes yes,Rien a signaling  cause lelo faux,5,Customer Service Representative,2026-01-27 00:18:51.137000+00:00,REGULAR,True,"Athens, Athens, Attica",,,,,,eng,n/a,0
ACCENTURE,4138,102495677,Worst place,Yes no and sometimes yes,Rien a signaling  cause lelo faux,5,Customer Service Representative,2026-01-27 00:18:51.137000+00:00,REGULAR,True,"Athens, Athens, Attica",,,,,,eng,n/a,0
ACCENTURE,4138,102473028,Experience,Good salary good commission transportation allowance,"Sme's rudeness and unhelpfullnes, stressfull jop,working hours to match us timing,",3,Customer Service Representative,2026-01-25 23:13:27.480000+00:00,REGULAR,False,"Cairo, Cairo Governorate",2,4,NEGATIVE,2,1,eng,n/a,0
ACCENTURE,4138,102472941,Don’t bother,Free coffee while on site,Literally anything and everything you can think of,1,Customer Service Representative (CSR),2026-01-25 23:01:59.783000+00:00,REGULAR,False,"Waterloo, ON",,,,,,eng,Do better,0
ACCENTURE,4138,102472828,Toxic,"Remote, flexible , diversity,good, people","Low pay

High stress

Angry customers

Strict rules

Repetitive work

Burnout risk

Limited growth

Tough schedules

Constant monitoring",2,Specialist,2026-01-25 22:45:11.487000+00:00,PART_TIME,True,"Montreal, QC",1,1,,1,1,eng,n/a,3
ACCENTURE,4138,102468705,Una buena opción solo para comenzar,Los pagos se hacen a tiempo y son cumplidos con las prestaciones,El trabajo es muy pesado y la paga no es tan buena,3,Customer Service Representative (CSR),2026-01-25 14:01:18.077000+00:00,REGULAR,True,"Colombia, Cundinamarca",,,,,,eng,n/a,0
ACCENTURE,4138,102466414,Only good for CV,"Stable-ish position, Good as a first interpreting job and they train you before you start.","0 life-work balance, They Pay poorly for what you do. The staff has zero communication among themselves and they have questionable policies.",3,Interpreter,2026-01-25 10:03:26.097000+00:00,REGULAR,True,,3,3,NEGATIVE,2,1,eng,"Improve the communication between team leaders, increase the pay and just in general take more care of your employees.",0
ACCENTURE,4138,102466222,Review,"Punctual 
salary
International envriroment
14 salaries","Low pay and
Repetitive job",3,Customer Service Representative,2026-01-25 09:43:59.820000+00:00,REGULAR,False,"Thessaloníki, Western Macedonia",,,,,,eng,n/a,0
ACCENTURE,4138,102465580,Supportive Peers,Teleperformance Good tech support learning.,Sometimes Call pressure builds resilience.,5,Technical Helpdesk,2026-01-25 08:38:25.360000+00:00,REGULAR,True,SAS Nagar,5,5,POSITIVE,5,5,eng,n/a,0
ACCENTURE,4138,102465450,Consistent Learning,Client handling builds confidence and bond.,High expectations grow communication skills.,5,Client Relations Executive,2026-01-25 08:24:58.433000+00:00,REGULAR,True,Mumbai,5,5,POSITIVE,5,5,eng,n/a,0
ACCENTURE,4138,102465340,Good Team Environment,Training coordination exposure is helpful.,Tight schedule' s improve organisation.,5,Learning Coordinator,2026-01-25 08:11:31.387000+00:00,REGULAR,True,Bengaluru,5,5,POSITIVE,5,5,eng,n/a,0
ACCENTURE,4138,102465243,Encouraging Workplace,Tool exposure and workflow clarity.,company System lag improves patience.,5,CRM Executive,2026-01-25 08:00:42.987000+00:00,REGULAR,True,Chennai,5,5,POSITIVE,5,5,eng,n/a,0
ACCENTURE,4138,102465168,Skill Growth Role,Great Team coordination experience gained.,Good Peak rush builds leadership.,5,Floor Coordinator,2026-01-25 07:52:19.597000+00:00,REGULAR,True,"Gurgaon, Haryana",5,5,POSITIVE,5,,eng,n/a,0
ACCENTURE,4138,102465122,Nice Office Vibes,Clear QA framework and learning.,Strict checks enhance consistency here.,5,Quality Reviewer,2026-01-25 07:46:56.477000+00:00,REGULAR,True,SAS Nagar,5,5,POSITIVE,5,5,eng,n/a,0
ACCENTURE,4138,102465051,Healthy Team Culture,Good customer interaction and coaching.,Everytime Target s motivate performance.,5,Customer Success Executive,2026-01-25 07:38:33.787000+00:00,REGULAR,True,"Jaipur, Assam",5,5,POSITIVE,5,5,eng,n/a,0
ACCENTURE,4138,102464989,Learning Focused Role,Planning exposure is valuable in Teleperformance.,Ofc Shift rotations improve adaptability.,5,Scheduling Analyst,2026-01-25 07:33:22.120000+00:00,REGULAR,True,Bengaluru,5,5,POSITIVE,5,5,eng,n/a,0
ACCENTURE,4138,102464966,Good Corporate Start,Structured HR processes and teamwork.,Slow approvals teach patience here.,5,HR Operations - Executive,2026-01-25 07:31:21.300000+00:00,REGULAR,True,Indore,5,5,POSITIVE,5,5,eng,n/a,0
ACCENTURE,4138,102464935,Supportive Work Space,Direct client exposure with support.,some times Pressure builds professionalism .,5,Client Support Associate,2026-01-25 07:28:10.820000+00:00,REGULAR,True,Pune,5,5,POSITIVE,5,5,eng,n/a,0
ACCENTURE,4138,102464899,Strong Team Bond,Strong reporting tools and guidance.,Detailed reports sharpen accuracy in TP .,5,Reporting Analyst,2026-01-25 07:25:24.433000+00:00,REGULAR,True,Chennai,5,5,POSITIVE,5,5,eng,n/a,0
ACCENTURE,4138,102464879,Fast Paced Learning,Helpful seniors and tech learning.,Long shifts improve endurance here.,5,Service Desk Analyst,2026-01-25 07:22:56.367000+00:00,REGULAR,True,Vadodara,5,5,POSITIVE,5,5,eng,n/a,0
ACCENTURE,4138,102464717,Great Team Support,Good forecasting experience in this company.,Busy schedules build strategy thinking.,5,Workforce Planner,2026-01-25 07:02:40.863000+00:00,REGULAR,True,"Āgra, Uttar Pradesh",5,5,POSITIVE,5,5,eng,n/a,0
ACCENTURE,4138,102464935,Supportive Work Space,Direct client exposure with support.,some times Pressure builds professionalism .,5,Client Support Associate,2026-01-25 07:28:10.820000+00:00,REGULAR,True,Pune,5,5,POSITIVE,5,5,eng,n/a,0
ACCENTURE,4138,102464899,Strong Team Bond,Strong reporting tools and guidance.,Detailed reports sharpen accuracy in TP .,5,Reporting Analyst,2026-01-25 07:25:24.433000+00:00,REGULAR,True,Chennai,5,5,POSITIVE,5,5,eng,n/a,0
ACCENTURE,4138,102464879,Fast Paced Learning,Helpful seniors and tech learning.,Long shifts improve endurance here.,5,Service Desk Analyst,2026-01-25 07:22:56.367000+00:00,REGULAR,True,Vadodara,5,5,POSITIVE,5,5,eng,n/a,0
ACCENTURE,4138,102464717,Great Team Support,Good forecasting experience in this company.,Busy schedules build strategy thinking.,5,Workforce Planner,2026-01-25 07:02:40.863000+00:00,REGULAR,True,"Āgra, Uttar Pradesh",5,5,POSITIVE,5,5,eng,n/a,0
ACCENTURE,4138,102464707,Solid Experience,Clear quality standards and learning opportunities.,"Reviews are strict, but improve performance.",5,Quality Analyst,2026-01-25 07:01:54.377000+00:00,REGULAR,True,Calcutta,5,5,POSITIVE,,5,eng,n/a,0
ACCENTURE,4138,102464641,Friendly Workplace,Great leadership exposure and strong team bonding.,"Workload rises, yet builds management skills.",5,Team Leader,2026-01-25 06:55:33.697000+00:00,REGULAR,True,Noida,5,5,POSITIVE,5,5,eng,n/a,0
ACCENTURE,4138,102464629,Structured Learning,Organised work culture and helpful peers.,Paperwork teaches process flow here .,5,Admin Executive,2026-01-25 06:54:19.167000+00:00,REGULAR,True,SAS Nagar,5,5,POSITIVE,5,5,eng,n/a,0
ACCENTURE,4138,102464607,Good Career Start,Nice workplace culture and cooperative staff. HR tools are decent.,"Approvals take time, but processes are structured.",5,HR-Executive,2026-01-25 06:51:38.990000+00:00,REGULAR,True,"Jaipur, Rajasthan",5,5,POSITIVE,5,,eng,n/a,0
ACCENTURE,4138,102464565,Good Choice,"People nice, work interesting, happy here.",Busy days feel tiring .,5,Customer Support Associate,2026-01-25 06:46:22.880000+00:00,REGULAR,True,Noida,5,5,POSITIVE,,,eng,n/a,0
ACCENTURE,4138,102464533,Career Path,Hard work leads to promotion chances.,Promotion takes time but fair.,5,Team Leader Operations,2026-01-25 06:42:55.130000+00:00,REGULAR,True,"Gurgaon, Haryana",5,5,POSITIVE,5,,eng,n/a,0
ACCENTURE,4138,102462779,It was great experience working at TP.,Good working environment and nice work.,I am not sure about cons.,4,Customer Service Representative,2026-01-25 02:05:53.710000+00:00,REGULAR,False,Indore,,,,,,eng,n/a,0
ACCENTURE,4138,102462692,great company,The culture and the workers are great,Nothing but the lockers are to confusing hahahaah,5,Customer Service Experts,2026-01-25 01:46:27.630000+00:00,REGULAR,True,Cebu City,5,5,POSITIVE,5,5,eng,they are great and accommodating,0
ACCENTURE,4138,102462391,Supportive Team,Fast-paced work with good exposure. Colleagues are very supportive.,High call volume builds resilience over time.,5,Non Voice Process Associate,2026-01-25 00:45:15.953000+00:00,REGULAR,True,Agrana Jarara,5,5,POSITIVE,5,5,eng,n/a,0
ACCENTURE,4138,102462371,Great Learning Place,Friendly team and helpful managers. Training was smooth and supportive.,"Shifts can be long sometimes, but learning is strong.",5,Customer Support Executive,2026-01-25 00:40:28.037000+00:00,REGULAR,True,SAS Nagar,5,5,POSITIVE,5,5,eng,Na,0
ACCENTURE,4138,102461684,Best for Support,Great work environment to work on.,No cabs for boys in the company,4,Customer Service Representative (CSR),2026-01-24 22:16:43.130000+00:00,REGULAR,True,"Mohali, Punjab",4,4,POSITIVE,4,3,eng,n/a,0
ACCENTURE,4138,102461380,Auto approve,ID distribution and card pass,Instant approval faster access to services,5,Customer Service Expert,2026-01-24 21:24:14.630000+00:00,REGULAR,True,Cebu City,5,5,POSITIVE,5,5,eng,n/a,0
ACCENTURE,4138,102461070,Grateful,The benefits and the incentives,For me I think the cafeteria in each floor that needs to have a coffee machine and also extra chair in the 7th floor,5,Customer Service Representative (CSR),2026-01-24 20:27:08.490000+00:00,REGULAR,True,,5,5,POSITIVE,5,4,eng,n/a,0
ACCENTURE,4138,102459415,Review,"Newbie friendly, colleagues approachable and knowledgeable",No cons encounter at all,5,Customer Service Experts,2026-01-24 15:46:03.067000+00:00,REGULAR,True,Davao,5,4,POSITIVE,4,4,eng,n/a,0
ACCENTURE,4138,102459059,Good,Good place for working full time,Its same like any other company.,5,Client Service Representative,2026-01-24 14:53:14.407000+00:00,REGULAR,True,,5,,,,,eng,n/a,0
ACCENTURE,4138,102457536,Fast paced client centric,"Work from home , good leadership",Focus on maximising quantity of cases with maintaining quality,4,Operations Customer Expert 1,2026-01-24 11:35:33.070000+00:00,REGULAR,True,"Edinburgh, Scotland",4,3,POSITIVE,3,3,eng,n/a,0
ACCENTURE,4138,102457536,Fast paced client centric,"Work from home , good leadership",Focus on maximising quantity of cases with maintaining quality,4,Operations Customer Expert 1,2026-01-24 11:35:33.070000+00:00,REGULAR,True,"Edinburgh, Scotland",4,3,POSITIVE,3,3,eng,n/a,0
ACCENTURE,4138,102455362,Pathetic Salary,"Remote work, Wok Life Balance","Low Salary despite having great skills, no incentives offers, no career growth scope.",2,Quality Analyst,2026-01-24 07:36:13.717000+00:00,REGULAR,True,"Gurgaon, Haryana",1,1,NEGATIVE,1,2,eng,Pay more and expect work,0
ACCENTURE,4138,102452322,Good for freshers,"Good Work culture. 
Appreciation for work",No cons at this moment,3,,2026-01-24 00:49:31.500000+00:00,REGULAR,False,,3,3,,3,3,eng,n/a,0
ACCENTURE,4138,102451640,Managment and HR systems are unprofessional,"Free snack and free drink
Dynamic environment","- Depends on the market you are working in, but in my Vietnam market, some of them are micromanagers, too emotional, and never put justice above. They only know themselves. Managers' lack of skills and experience.
- About the HR department, they work too slowly, and they don't even know the process, which makes us have to waste so much time and effort to catch up and complete the whole process by ourselves.",2,Customer Service Associate,2026-01-23 23:03:48.190000+00:00,REGULAR,False,Pulau Pinang,3,3,NEGATIVE,3,2,eng,n/a,0
ACCENTURE,4138,102449855,Short Term Holiday Spot for Young People Speaking Germanic Languages,Company accommodation if coming from abroad.,"Employees, including management, change too frequently, so in the end, nobody cares that you are human.
Most projects are moving to cheap labor countries.",2,Operations Customer Support,2026-01-23 18:52:55.120000+00:00,REGULAR,False,"Lisbon, Lisbon District",,,NEGATIVE,,,eng,Not going to bother.,0
ACCENTURE,4138,102447200,Teleperformance,work from home &amp; flex schedules,feel like a number &amp; company is not employee friendly,3,,2026-01-23 14:27:10.093000+00:00,REGULAR,True,"Irving, TX",2,1,NEGATIVE,1,2,eng,start listening to staff that have been with company for at least 15+ years and.  Start training on new programs prior to changing over - be open to employee suggestions and just overall training as needed.,0
ACCENTURE,4138,102447143,Chat agent Enigma,Work from home - Salary,Only 1 free day - high number of contacts per day,5,Chat Agent,2026-01-23 14:23:27.257000+00:00,REGULAR,False,"Bogotá, Bogota",4,5,POSITIVE,5,4,eng,n/a,0
ACCENTURE,4138,102444990,Worse company to be,cheap meal at the canteen,everything you can possiblity think of. Poor management and non qualified managers,1,Customer Service Agent,2026-01-23 12:01:30.913000+00:00,REGULAR,True,Portugal,1,1,NEGATIVE,1,1,eng,n/a,0
ACCENTURE,4138,102444425,Good,"Friendly Environment 
Fast Application Process
Good trainers","Some Employees are Homophobic 
Some PC’s not working well
Not enough room for trainings",3,Operations Costumer Expert I,2026-01-23 11:29:28.553000+00:00,REGULAR,True,Cebu City,3,3,POSITIVE,3,3,eng,n/a,0
ACCENTURE,4138,102444406,It's okay.,It's easy to apply with one day application process.,Not enough training rooms for the newbies to use.,3,Operation Expert I,2026-01-23 11:28:04.583000+00:00,REGULAR,True,Cebu City,5,2,NEGATIVE,2,2,eng,Have more training rooms for the newbies. Check if all rooms are properly ventilated so the employees won't suffer with heat.,0
ACCENTURE,4138,102440498,"If I could give this place zero stars, I would.","If you're completely new to sales, and new to the country, it could be a comfortable place to work while you're trying to build your resume because you'll likely get to work with big name clients or wait for your PR status to come in - but only for a year or two MAX. Also, somehow, the internal culture among most of your co-workers can be nice because most of you will be bonding over your hatred of the company but even that will get old quickly.","I doubt I even have enough space to describe all the cons with working at TP but I'll try to list them as briefly and concisely as possible: i) low pay, ii) terrible managers, iii) illegal employment practices, iv) racial discrimination, v) sexual harassment, vi) company has a terrible reputation, vii) very limited opportunities for growth in terms of either position or skill/career development, viii) constant gas-lighting from management, ix) there can limited internal mobility within the company between different business lines (but this can vary depending on your ""performance""), x) job is not performance-based, it is based mostly on vanity metrics; I could go on but this company isn't even worth the time I spend hating it.",1,Business Development Representative (BDR),2026-01-23 08:03:31.457000+00:00,REGULAR,True,"Toronto, ON",,,NEGATIVE,,,eng,"There's a ton of advice that could be given to management but I seriously doubt they'd care, the place is literally a large-scale scam where they avoid doing any real sales work that would actually drive revenue so they make it their business to sell their vanity metrics to the client as though they're actually helping drive growth; one of the last things management at this company would care about is advice on how to actually do the job given that that's not even why they're there in the first place.",0
ACCENTURE,4138,102440328,Mi experiencia en TP,Todas las actividades son muy buenas,Torneo de Ping pong para los ejecutivos,5,Asesor De Ventas Y Atenci n A Clientes,2026-01-23 07:56:19.877000+00:00,REGULAR,True,"Bogotá, Bogota",5,5,POSITIVE,5,5,eng,n/a,0
ACCENTURE,4138,102438685,Good company,"Overall good company, there are good incentives in some process and also breaks are given more than 1 hour, also for refreshment foosball, Table tennis XBox and PS is also there, some days her colleagues used to spend most of the times in the playing area. Also cafeteria is good.",The yearly appraisal is less but they are good incentives which compensate that that is the only con.,5,Senior Technical Support Executive,2026-01-23 06:28:18.837000+00:00,REGULAR,False,"Jaipur, Rajasthan",5,5,POSITIVE,3,5,eng,No particular advice for management as management keeps on changing and it depends on person to person how they are running the management and taking care of people in the organization and how they treat the employees. So some managers are very good and some managers. No matter how much solution or advice you give they will just behave like that.,0
ACCENTURE,4138,102438423,job,work from home about it,short breaks strict KPIs disordered management,2,Call Center Agent,2026-01-23 06:13:27.443000+00:00,REGULAR,False,,,,,,,eng,n/a,0
ACCENTURE,4138,102437663,Tp not a good fit for permanent job seeker,No Pros except freshers get salary upto 30 k per month,The upper pro is con for we experienced candidate they don't raise hike of experienced candidate it's same like freshers,1,Customer Service Associate,2026-01-23 05:29:06.093000+00:00,,False,Calcutta,1,1,NEGATIVE,1,1,eng,TP takes people as their profits and then discard and destroy people 's career by selecting them first then rejecting them and lots of conspiracy,0
ACCENTURE,4138,102437436,"If you're a fresh grad/getting into the industry, this is a fun opportunity. If not, consider wisely.","- Good colleagues and leaders (but it very much depends on your luck because some teams have it worse)
- Medical benefits, optical and dental claims, gym subsidies
- Workload varies across different teams. If you're up for challenges you will enjoy being in a team with heavy workload and strict SOPs, that's how you seek fun in a repetitive job. Some teams have super easy jobs, but will be repetitive and boring.
- Care about employees' mental health, loads of fun activities for you to attend.
- Salary is okay, with language allowances and/or shift allowances.","- Management is very stingy, will cut benefits/KPIs/employees' fund to spare budget for other stuff.
- BPO companies are overall volatile, be prepared that your team will ramp down suddenly or get transferred to other projects with short notice.
- Promotion is sometimes unfair, candidates with good connection with upper management have a better chance of getting chosen.
- Too many systems with basically similar functions, could've merged them into one.
- Little to no increment or bonus.",2,Content Moderator,2026-01-23 05:13:51.800000+00:00,REGULAR,False,Kuala Lumpur,3,4,,2,5,eng,n/a,0
ACCENTURE,4138,102437080,Great place,Flexibility and great young environmenY and work culture,Salary under the average for account managers,4,Account Manager,2026-01-23 04:49:05.037000+00:00,REGULAR,True,Barcelona,3,3,POSITIVE,4,4,eng,n/a,0
ACCENTURE,4138,102436988,It’s great,Very good hourly rate and comfortable work,No cons as long as I’ve been here !,5,Costumer Service Agent,2026-01-23 04:43:32.097000+00:00,REGULAR,True,"Tirana, Tirane",5,5,POSITIVE,5,4,eng,Not any advice,0
ACCENTURE,4138,102436952,N/a,U can do it inhouse the payment alright,Its kinda difficult to deal with some members,5,Customer Service Agent,2026-01-23 04:41:23.463000+00:00,PART_TIME,True,"Tirana, Tirane",4,5,POSITIVE,5,5,eng,It might be needed some more free time from agents,0
ACCENTURE,4138,102436721,worthy job,"interactive
great place and community
assistance and welcoming place",none the place is great,5,Customer Service Representative,2026-01-23 04:23:27.450000+00:00,REGULAR,True,"Tirana, Tirane",5,5,POSITIVE,5,5,eng,a bit of a rise on salary,0
CAPGEMINI,3803,102543800,IS&amp;T Review,The new projects are good.,Execution of projects under leaders is bad.,3,Sr. Software Engineer,2026-01-28 22:58:10.890000+00:00,CONTRACT,False,"Austin, TX",3,4,POSITIVE,2,3,eng,n/a,1
CAPGEMINI,3803,102541640,was fun,Challenges were good to work through,the hours were long time,5,,2026-01-28 20:07:58.143000+00:00,REGULAR,False,,,,,,,eng,n/a,0
CAPGEMINI,3803,102541550,Okay job while in school,"Decent pay, Interesting Culture, Stock Options, and other benefits even at part time","Not much room for growth as a technician (in retail) anymore, lots of new metrics added recently that feel similar to other 'big box' retail stores. Not much of a genuine work life balance.",3,Tech Expert,2026-01-28 20:02:07.653000+00:00,PART_TIME,True,,2,5,POSITIVE,2,1,eng,Ease up on all these new metrics. Don't rate your technicians on how many business introductions they can get or how many things they can sell when we are there to fix our relationship with the customers.,0
CAPGEMINI,3803,102540487,Great place to work,Strong focus on privacy. Beautiful campus. Good work life balance.,"Sometimes teams can be siloed. Many teams working on similar problems but since teams are quite secretive about what they do, this problem exists.",4,SWE Intern,2026-01-28 18:45:23.367000+00:00,INTERN,True,"Cupertino, CA",,,,,,eng,n/a,0
CAPGEMINI,3803,102540112,College job,"Work from home, great for students, bonuses, vested stocks","Strict ACW, back to back calls",3,Mac+ Technical Support Advisor,2026-01-28 18:20:18.610000+00:00,PART_TIME,False,"Tallahassee, FL",,,,,,eng,n/a,0
CAPGEMINI,3803,102537677,"Great College Job, terrible internal promotions","Great benefits as part time, espp, loved my team that I worked with at Micigan Ave","Scheduling, favoritism amongst leadership team - seen a lot with promotions and who gets fired vs a warning, heavy on Apple Care conversions or business intros - hard when we're selling to international customers where they might not have AC+ support, very much lack of ability to move upward unless you drown yourself in Apple (work, sacrifice your time for them), some leaders do not lead by example (but they've been fired - just took wayyyy too long)",3,Sales Specialist,2026-01-28 15:28:15.107000+00:00,PART_TIME,False,"Chicago, IL",2,5,POSITIVE,3,3,eng,"Quit the favoritism, and treat the hard working employees well who deserve the promotions and tell the difference if someone is doing well or just trying to suck up to you. This isn't corporate sales - relax a bit.",0
CAPGEMINI,3803,102537409,Great,"- Great benefits
- Good pay
- Great company culture","- Very secretive, can't learn what other teams are doing and how
- General sterile California vibe (very PC, etc.)",5,Software Engineer,2026-01-28 15:09:50.243000+00:00,INTERN,False,"Cupertino, CA",5,5,POSITIVE,5,5,eng,n/a,0
CAPGEMINI,3803,102537240,Make a Difference for our Senior Community- Great Benefits- High Stess,"A Culture of Connection and Innovation Apple provides an environment where the ""human element"" is truly prioritized in the customer journey. The commitment to Steps of Service allows Specialists to go beyond simple transactions and build genuine rapport. Additionally, the peer-to-peer support is exceptional; working alongside highly skilled Technicians and fellow Specialists creates a collaborative atmosphere where everyone is trying to deliver excellence despite operational hurdles. It is a fast-paced, high-energy environment that rewards those who thrive on problem-solving and authentic connection.","Operational Strains and Leadership Visibility Gaps The primary challenge lies in the disconnect between ""peak volume"" and ""leadership presence."" During high-traffic periods, there is often a lack of visible management on the floor, leaving Specialists and Leads to navigate escalations, overrides, and sales guidance without adequate support. This often results in ""vague promises"" to customers (e.g., ""someone will be with you momentarily"") rather than actual service. When managers remain in back-office admin roles during these critical windows, it places an immense burden on the frontline team, leading to burnout and a feeling of being ""stretched beyond capacity.""",4,Specialist,2026-01-28 14:59:48.623000+00:00,PART_TIME,True,"Minnetonka, MN",5,5,POSITIVE,3,5,eng,"Lead by Example with a ""Triage"" Mindset To elevate store efficiency, leadership should adopt a more proactive, triage-inspired approach during peak hours. When the floor is at capacity, managers shouldn't just be ""visible"", they should be active participants in the initial Steps of Service.  Active Discovery: Instead of telling a customer ""it will be a moment,"" initiate the ""Group Discovery"" or ""Probing"" steps to begin a bag for the Specialist. This mirrors a healthcare intake process and ensures the customer feels ""seen"" immediately.

Structured Rotations: Implement clearer structures for when managers transition from admin tasks to floor support.

Accessibility: Ensure there is always a clearly designated leader on the floor who is not solely tied to a single customer interaction, but available to support the team with overrides and escalations. Modeling the behavior you want to see will significantly boost team morale and operational flow.",1
CAPGEMINI,3803,102526022,Good start,work life balance is okay and pay is good,"No serious cons, no good snacks in pantry",5,Design Engineer,2026-01-28 06:31:55.163000+00:00,REGULAR,True,Singapore,,,POSITIVE,,,eng,n/a,0
CAPGEMINI,3803,102515482,Great place to work,"Respectful peers, passionate colleagues, nice environment",Hard to get promotion at IC level,5,,2026-01-27 17:25:40.547000+00:00,REGULAR,True,,,,,,,eng,n/a,0
CAPGEMINI,3803,102515482,Great place to work,"Respectful peers, passionate colleagues, nice environment",Hard to get promotion at IC level,5,,2026-01-27 17:25:40.547000+00:00,REGULAR,True,,,,,,,eng,n/a,0
CAPGEMINI,3803,102515033,Good Jib,Good pay for what you do. Benefits as a part timer.,Not a lot of full time opportunities. Can be difficult to get into higher roles,4,Technical Expert,2026-01-27 16:53:31.473000+00:00,PART_TIME,True,"Tacoma, WA",,,,,,eng,n/a,0
CAPGEMINI,3803,102513768,Good starting job,"Great culture
Great teammates
Discount/services","Micromanage
Not enough time off
Overworked
Not enough pay
Hard to move up",3,Retail Sales Associate,2026-01-27 15:23:06.020000+00:00,REGULAR,False,"Rancho Cucamonga, CA",3,2,NEGATIVE,1,1,eng,"Open up more positions
Actually teach people how to develop",0
CAPGEMINI,3803,102513455,Intern experience,"Awesome, smart people. Great workplace.",Nothing to add for this section.,5,Software Engineer(Internship),2026-01-27 15:00:40.123000+00:00,INTERN,False,"Cupertino, CA",,,,,,eng,n/a,0
CAPGEMINI,3803,102513429,good and fun experience,"good working environment, get to meet lots of nice people","lots of pressure, leadership care more about a few kpis rather than overall selling.",4,Retail Sales Associate,2026-01-27 14:59:09.130000+00:00,,False,"Cambridge, England",4,4,POSITIVE,4,4,eng,n/a,0
CAPGEMINI,3803,102512543,Good,Nice work! Great people! Fun!,"Long hours, dirty, long travel.",5,Janitor,2026-01-27 14:03:50.533000+00:00,PART_TIME,True,New Delhi,,,,,,eng,n/a,0
CAPGEMINI,3803,102512216,Grea time,"Great Pay
Great work environment",Rude boss and smelled off.,5,Member Of Technical Staff,2026-01-27 13:47:04.217000+00:00,FREELANCE,True,"Pittsburgh, PA",,,POSITIVE,,,eng,n/a,0
CAPGEMINI,3803,102510041,Student position,"Flexible hours, respecting the need for me to study",Can not work from home,5,Test Engineer Intern,2026-01-27 11:55:08.773000+00:00,PART_TIME,False,Tel Aviv-Yafo,,,,,,eng,n/a,0
CAPGEMINI,3803,102509963,Apple expert,"good discount
Product knowledge
Customer service","retail
Long hours
Lack of progression",5,Expert,2026-01-27 11:50:03.440000+00:00,REGULAR,True,"London, England",,,,,,eng,n/a,0
CAPGEMINI,3803,102502598,It was fine,Not bad and very bad at the same time,Really enjoyed the buffet. They had a lot of good food.,3,Business Anakyst,2026-01-27 06:39:29.303000+00:00,,True,"Los Altos, CA",,,,,,eng,n/a,2
CAPGEMINI,3803,102472394,AppleCare,"Work at home 
Good team 
Good management",None as they are doing great,5,Apple Care AHA Advisor,2026-01-25 21:42:48.093000+00:00,REGULAR,True,"Denver, CO",5,5,POSITIVE,5,5,eng,n/a,0
CAPGEMINI,3803,102471582,Great but place is changing,"Great benefits and culture within 
Lots of room for growth
Wages/stocks and plenty of benefits that are lgbtq inclusive and great for parents or people in school.
Supportive management at my locations","Some of your great work goes unnoticed.
You’re only as good as last weeks results. That’s how it started feeling. Behaviors and putting the customer first was def how Apple started. Now it feels like a mill just trying to hit all transaction points and work with as many customers as once as you can.",4,Product Expert,2026-01-25 19:56:33.680000+00:00,PART_TIME,False,"Miami, FL",5,5,POSITIVE,5,4,eng,Get back to a behavior standpoint focusing more on Apple steps of service then how many customers one person can take.,0
CAPGEMINI,3803,102468970,Great for students!,"Great Benefits like tuition reimbursement 
Flexible with work schedule",High competition for growth or promotions,5,Specialist,2026-01-25 14:32:01.933000+00:00,PART_TIME,True,"Vancouver, BC",4,5,POSITIVE,4,5,eng,n/a,0
CAPGEMINI,3803,102466230,Good place,"Proffessionals and team players, helping a lot","Far from home, at least for me",5,Working Student,2026-01-25 09:44:46.653000+00:00,PART_TIME,False,Herzliya,5,5,POSITIVE,5,5,eng,n/a,0
CAPGEMINI,3803,102465322,Great,Pretty good company w/good people.,Long hours for work and customers,5,Sales Associate,2026-01-25 08:09:37.590000+00:00,REGULAR,False,"Georgiaville, RI",5,4,,,,eng,Na,0
CAPGEMINI,3803,102464620,Apple,Work life balance very good,Not enough grow up opportunities,4,Engineers,2026-01-25 06:53:09.470000+00:00,REGULAR,False,Cork,,,,,,eng,n/a,0
CAPGEMINI,3803,102464161,Great,Great leaders the foster development,No room for growth being remote,5,Fraud Operations Specialist,2026-01-25 05:55:25.883000+00:00,REGULAR,True,"West Palm Beach, FL",2,3,POSITIVE,5,5,eng,n/a,0
CAPGEMINI,3803,102463374,Built 0 to 1 products,"Awesome company, superb place to work at","No cons, company food could be better",5,CEO-Founder,2026-01-25 03:51:43.690000+00:00,REGULAR,True,Anna Nagar West,,,,,,eng,n/a,0
CAPGEMINI,3803,102461719,great,great company to work for,location of the job role,5,Firware Engineer,2026-01-24 22:21:08.160000+00:00,REGULAR,True,"California City, CA",,,,,,eng,n/a,0
CAPGEMINI,3803,102459161,Great culture,Great company culture and smart teammates. Learned a lot.,Some folks lead with ego,4,Employee Relations Specialist,2026-01-24 15:05:07.757000+00:00,REGULAR,False,"Cupertino, CA",3,5,POSITIVE,3,2,eng,Be mindful of long hours and burn out,0
FIDELITY_INVESTMENTS,2786,102543800,IS&amp;T Review,The new projects are good.,Execution of projects under leaders is bad.,3,Sr. Software Engineer,2026-01-28 22:58:10.890000+00:00,CONTRACT,False,"Austin, TX",3,4,POSITIVE,2,3,eng,n/a,1
FIDELITY_INVESTMENTS,2786,102541640,was fun,Challenges were good to work through,the hours were long time,5,,2026-01-28 20:07:58.143000+00:00,REGULAR,False,,,,,,,eng,n/a,0
FIDELITY_INVESTMENTS,2786,102541550,Okay job while in school,"Decent pay, Interesting Culture, Stock Options, and other benefits even at part time","Not much room for growth as a technician (in retail) anymore, lots of new metrics added recently that feel similar to other 'big box' retail stores. Not much of a genuine work life balance.",3,Tech Expert,2026-01-28 20:02:07.653000+00:00,PART_TIME,True,,2,5,POSITIVE,2,1,eng,Ease up on all these new metrics. Don't rate your technicians on how many business introductions they can get or how many things they can sell when we are there to fix our relationship with the customers.,0
FIDELITY_INVESTMENTS,2786,102540487,Great place to work,Strong focus on privacy. Beautiful campus. Good work life balance.,"Sometimes teams can be siloed. Many teams working on similar problems but since teams are quite secretive about what they do, this problem exists.",4,SWE Intern,2026-01-28 18:45:23.367000+00:00,INTERN,True,"Cupertino, CA",,,,,,eng,n/a,0
FIDELITY_INVESTMENTS,2786,102540112,College job,"Work from home, great for students, bonuses, vested stocks","Strict ACW, back to back calls",3,Mac+ Technical Support Advisor,2026-01-28 18:20:18.610000+00:00,PART_TIME,False,"Tallahassee, FL",,,,,,eng,n/a,0
FIDELITY_INVESTMENTS,2786,102537677,"Great College Job, terrible internal promotions","Great benefits as part time, espp, loved my team that I worked with at Micigan Ave","Scheduling, favoritism amongst leadership team - seen a lot with promotions and who gets fired vs a warning, heavy on Apple Care conversions or business intros - hard when we're selling to international customers where they might not have AC+ support, very much lack of ability to move upward unless you drown yourself in Apple (work, sacrifice your time for them), some leaders do not lead by example (but they've been fired - just took wayyyy too long)",3,Sales Specialist,2026-01-28 15:28:15.107000+00:00,PART_TIME,False,"Chicago, IL",2,5,POSITIVE,3,3,eng,"Quit the favoritism, and treat the hard working employees well who deserve the promotions and tell the difference if someone is doing well or just trying to suck up to you. This isn't corporate sales - relax a bit.",0
FIDELITY_INVESTMENTS,2786,102537409,Great,"- Great benefits
- Good pay
- Great company culture","- Very secretive, can't learn what other teams are doing and how
- General sterile California vibe (very PC, etc.)",5,Software Engineer,2026-01-28 15:09:50.243000+00:00,INTERN,False,"Cupertino, CA",5,5,POSITIVE,5,5,eng,n/a,0
FIDELITY_INVESTMENTS,2786,102537240,Make a Difference for our Senior Community- Great Benefits- High Stess,"A Culture of Connection and Innovation Apple provides an environment where the ""human element"" is truly prioritized in the customer journey. The commitment to Steps of Service allows Specialists to go beyond simple transactions and build genuine rapport. Additionally, the peer-to-peer support is exceptional; working alongside highly skilled Technicians and fellow Specialists creates a collaborative atmosphere where everyone is trying to deliver excellence despite operational hurdles. It is a fast-paced, high-energy environment that rewards those who thrive on problem-solving and authentic connection.","Operational Strains and Leadership Visibility Gaps The primary challenge lies in the disconnect between ""peak volume"" and ""leadership presence."" During high-traffic periods, there is often a lack of visible management on the floor, leaving Specialists and Leads to navigate escalations, overrides, and sales guidance without adequate support. This often results in ""vague promises"" to customers (e.g., ""someone will be with you momentarily"") rather than actual service. When managers remain in back-office admin roles during these critical windows, it places an immense burden on the frontline team, leading to burnout and a feeling of being ""stretched beyond capacity.""",4,Specialist,2026-01-28 14:59:48.623000+00:00,PART_TIME,True,"Minnetonka, MN",5,5,POSITIVE,3,5,eng,"Lead by Example with a ""Triage"" Mindset To elevate store efficiency, leadership should adopt a more proactive, triage-inspired approach during peak hours. When the floor is at capacity, managers shouldn't just be ""visible"", they should be active participants in the initial Steps of Service.  Active Discovery: Instead of telling a customer ""it will be a moment,"" initiate the ""Group Discovery"" or ""Probing"" steps to begin a bag for the Specialist. This mirrors a healthcare intake process and ensures the customer feels ""seen"" immediately.

Structured Rotations: Implement clearer structures for when managers transition from admin tasks to floor support.

Accessibility: Ensure there is always a clearly designated leader on the floor who is not solely tied to a single customer interaction, but available to support the team with overrides and escalations. Modeling the behavior you want to see will significantly boost team morale and operational flow.",1
FIDELITY_INVESTMENTS,2786,102526022,Good start,work life balance is okay and pay is good,"No serious cons, no good snacks in pantry",5,Design Engineer,2026-01-28 06:31:55.163000+00:00,REGULAR,True,Singapore,,,POSITIVE,,,eng,n/a,0
FIDELITY_INVESTMENTS,2786,102515482,Great place to work,"Respectful peers, passionate colleagues, nice environment",Hard to get promotion at IC level,5,,2026-01-27 17:25:40.547000+00:00,REGULAR,True,,,,,,,eng,n/a,0
FIDELITY_INVESTMENTS,2786,102515482,Great place to work,"Respectful peers, passionate colleagues, nice environment",Hard to get promotion at IC level,5,,2026-01-27 17:25:40.547000+00:00,REGULAR,True,,,,,,,eng,n/a,0
FIDELITY_INVESTMENTS,2786,102515033,Good Jib,Good pay for what you do. Benefits as a part timer.,Not a lot of full time opportunities. Can be difficult to get into higher roles,4,Technical Expert,2026-01-27 16:53:31.473000+00:00,PART_TIME,True,"Tacoma, WA",,,,,,eng,n/a,0
FIDELITY_INVESTMENTS,2786,102513768,Good starting job,"Great culture
Great teammates
Discount/services","Micromanage
Not enough time off
Overworked
Not enough pay
Hard to move up",3,Retail Sales Associate,2026-01-27 15:23:06.020000+00:00,REGULAR,False,"Rancho Cucamonga, CA",3,2,NEGATIVE,1,1,eng,"Open up more positions
Actually teach people how to develop",0
FIDELITY_INVESTMENTS,2786,102513455,Intern experience,"Awesome, smart people. Great workplace.",Nothing to add for this section.,5,Software Engineer(Internship),2026-01-27 15:00:40.123000+00:00,INTERN,False,"Cupertino, CA",,,,,,eng,n/a,0
FIDELITY_INVESTMENTS,2786,102513429,good and fun experience,"good working environment, get to meet lots of nice people","lots of pressure, leadership care more about a few kpis rather than overall selling.",4,Retail Sales Associate,2026-01-27 14:59:09.130000+00:00,,False,"Cambridge, England",4,4,POSITIVE,4,4,eng,n/a,0
FIDELITY_INVESTMENTS,2786,102512543,Good,Nice work! Great people! Fun!,"Long hours, dirty, long travel.",5,Janitor,2026-01-27 14:03:50.533000+00:00,PART_TIME,True,New Delhi,,,,,,eng,n/a,0
FIDELITY_INVESTMENTS,2786,102512216,Grea time,"Great Pay
Great work environment",Rude boss and smelled off.,5,Member Of Technical Staff,2026-01-27 13:47:04.217000+00:00,FREELANCE,True,"Pittsburgh, PA",,,POSITIVE,,,eng,n/a,0
FIDELITY_INVESTMENTS,2786,102510041,Student position,"Flexible hours, respecting the need for me to study",Can not work from home,5,Test Engineer Intern,2026-01-27 11:55:08.773000+00:00,PART_TIME,False,Tel Aviv-Yafo,,,,,,eng,n/a,0
FIDELITY_INVESTMENTS,2786,102509963,Apple expert,"good discount
Product knowledge
Customer service","retail
Long hours
Lack of progression",5,Expert,2026-01-27 11:50:03.440000+00:00,REGULAR,True,"London, England",,,,,,eng,n/a,0
FIDELITY_INVESTMENTS,2786,102502598,It was fine,Not bad and very bad at the same time,Really enjoyed the buffet. They had a lot of good food.,3,Business Anakyst,2026-01-27 06:39:29.303000+00:00,,True,"Los Altos, CA",,,,,,eng,n/a,2
FIDELITY_INVESTMENTS,2786,102472394,AppleCare,"Work at home 
Good team 
Good management",None as they are doing great,5,Apple Care AHA Advisor,2026-01-25 21:42:48.093000+00:00,REGULAR,True,"Denver, CO",5,5,POSITIVE,5,5,eng,n/a,0
FIDELITY_INVESTMENTS,2786,102471582,Great but place is changing,"Great benefits and culture within 
Lots of room for growth
Wages/stocks and plenty of benefits that are lgbtq inclusive and great for parents or people in school.
Supportive management at my locations","Some of your great work goes unnoticed.
You’re only as good as last weeks results. That’s how it started feeling. Behaviors and putting the customer first was def how Apple started. Now it feels like a mill just trying to hit all transaction points and work with as many customers as once as you can.",4,Product Expert,2026-01-25 19:56:33.680000+00:00,PART_TIME,False,"Miami, FL",5,5,POSITIVE,5,4,eng,Get back to a behavior standpoint focusing more on Apple steps of service then how many customers one person can take.,0
FIDELITY_INVESTMENTS,2786,102468970,Great for students!,"Great Benefits like tuition reimbursement 
Flexible with work schedule",High competition for growth or promotions,5,Specialist,2026-01-25 14:32:01.933000+00:00,PART_TIME,True,"Vancouver, BC",4,5,POSITIVE,4,5,eng,n/a,0
FIDELITY_INVESTMENTS,2786,102466230,Good place,"Proffessionals and team players, helping a lot","Far from home, at least for me",5,Working Student,2026-01-25 09:44:46.653000+00:00,PART_TIME,False,Herzliya,5,5,POSITIVE,5,5,eng,n/a,0
FIDELITY_INVESTMENTS,2786,102465322,Great,Pretty good company w/good people.,Long hours for work and customers,5,Sales Associate,2026-01-25 08:09:37.590000+00:00,REGULAR,False,"Georgiaville, RI",5,4,,,,eng,Na,0
FIDELITY_INVESTMENTS,2786,102464620,Apple,Work life balance very good,Not enough grow up opportunities,4,Engineers,2026-01-25 06:53:09.470000+00:00,REGULAR,False,Cork,,,,,,eng,n/a,0
FIDELITY_INVESTMENTS,2786,102464161,Great,Great leaders the foster development,No room for growth being remote,5,Fraud Operations Specialist,2026-01-25 05:55:25.883000+00:00,REGULAR,True,"West Palm Beach, FL",2,3,POSITIVE,5,5,eng,n/a,0
FIDELITY_INVESTMENTS,2786,102463374,Built 0 to 1 products,"Awesome company, superb place to work at","No cons, company food could be better",5,CEO-Founder,2026-01-25 03:51:43.690000+00:00,REGULAR,True,Anna Nagar West,,,,,,eng,n/a,0
FIDELITY_INVESTMENTS,2786,102461719,great,great company to work for,location of the job role,5,Firware Engineer,2026-01-24 22:21:08.160000+00:00,REGULAR,True,"California City, CA",,,,,,eng,n/a,0
FIDELITY_INVESTMENTS,2786,102459161,Great culture,Great company culture and smart teammates. Learned a lot.,Some folks lead with ego,4,Employee Relations Specialist,2026-01-24 15:05:07.757000+00:00,REGULAR,False,"Cupertino, CA",3,5,POSITIVE,3,2,eng,Be mindful of long hours and burn out,0
FIDELITY_INVESTMENTS,2786,102457290,good company,fun and lots to learn,management can be passive aggressive,5,,2026-01-24 11:06:27.070000+00:00,REGULAR,False,,,,,,,eng,n/a,0
FIDELITY_INVESTMENTS,2786,102457059,Innovative environment with high expectations,"Cutting-edge technology, talented peers, excellent benefits, strong career growth opportunities, collaborative culture.","Long hours, high-pressure environment, work-life balance can be difficult, frequent internal politics, demanding management expectations.",4,Software Engineer,2026-01-24 10:38:59.067000+00:00,REGULAR,True,"Austin, TX",5,5,POSITIVE,3,2,eng,"Encourage clearer communication of priorities, foster sustainable workloads, provide more recognition for individual contributions, and maintain transparency in promotions.",0
FIDELITY_INVESTMENTS,2786,102456315,Manager,Very nice people to work with.,I love my job more than my friends.,5,Mnager,2026-01-24 09:16:52.567000+00:00,REGULAR,True,"New York, NY",5,5,POSITIVE,5,4,eng,n/a,0
FIDELITY_INVESTMENTS,2786,102452454,Entrupous Manager,Hefty pay. Good work life balance. Good mental health. Great peers and connections(started my own business with help of them).,Some work during the weekend but that's rare.,5,Financial Analyst,2026-01-24 01:09:13.610000+00:00,REGULAR,False,"Cupertino, CA",5,5,POSITIVE,5,5,eng,Continue what you're doing,0
FIDELITY_INVESTMENTS,2786,102449247,Good culture,Treat people well and care people,Not competitive salary as a contractor,5,,2026-01-23 17:43:25.403000+00:00,CONTRACT,False,,,,,,,eng,n/a,0
FIDELITY_INVESTMENTS,2786,102448377,Amazing,Great place to work temporarily,Was unable to secure a full time gig,5,Analyst,2026-01-23 16:10:36.717000+00:00,TEMPORARY,False,"Washington, DC",5,,,,,eng,Offer more full time gigs,0
FIDELITY_INVESTMENTS,2786,102447040,good overall,good management and helping environment,didn't receive a return offer,4,Internship,2026-01-23 14:16:28.737000+00:00,INTERN,False,"Cupertino, CA",3,3,POSITIVE,5,4,eng,n/a,0
FIDELITY_INVESTMENTS,2786,102443507,Great Role,Lots of benefits and people are kind,I have not experienced any cons,5,Facility Manager,2026-01-23 10:37:31.257000+00:00,REGULAR,True,"Los Angeles, CA",,,,,,eng,n/a,0
FIDELITY_INVESTMENTS,2786,102442238,Good place to learn,Very established consumer electronic design company,cafe food is not free,5,,2026-01-23 09:28:10.960000+00:00,REGULAR,True,,4,4,,5,4,eng,n/a,0
FIDELITY_INVESTMENTS,2786,102441033,Sample Pay,"Good work environment, like it","Bad work/life balance, working on weekends",5,College Advisor,2026-01-23 08:30:09.577000+00:00,PART_TIME,False,"Remolino, TX",,,,,,eng,n/a,1
